DATE,SYMBOL,ISIN,EXCHANGE,CLOSE,DELIV_PER,DELIVERY_TURNOVER,ATW,EVER_100_DELIV,DELIV_PER_1W,DELIV_PER_1M,DELIV_PER_3M,DELIVERY_TURNOVER_1W,DELIVERY_TURNOVER_1M,DELIVERY_TURNOVER_3M,ATW_1W,ATW_1M,ATW_3M,MOMENTUM_RAW,FOOTPRINT_RAW,STABILITY_RAW,HASMOMENTUMDATA,HASFOOTPRINTDATA,HASSTABILITYHISTORY20D,MOMENTUM_SCORE,FOOTPRINT_SCORE,STABILITY_SCORE,TRIGGER_COUNT_30D,AI_SCORE,COMBINED_SCORE,SIS,Whale_Density,Implied_Trades,AI_WIN_PROBABILITY,ATR14,STOP_LOSS,TAKE_PROFIT,CHANDELIER_EXIT,REC_POS_SIZE_INR
2026-09-08,SAGCEM,,NSE,151.82,87.09,14388133.22,27305.72393442623,,70.228,64.79227272727273,58.34030303030303,10195225.796,5566819.6468181815,5057104.3507575765,10382.54151819213,7119.325246790689,6813.610815899762,1.492793068880082,2.8451327522724728,4.0075262107291945,,,,0.9894736842105263,0.8421052631578947,0.9578947368421052,1,0.9578947368421054,3,0.9285754863979294,189.77947671814948,526.9273671173346,72.42160816385707,,,,,
2026-09-08,GILT5BETA,,NSE,66.8,99.97,13276767.2,456085.43620689656,,98.724,92.00227272727274,86.33303030303031,3107484.016,913682.5486363636,354753.29303030303,90876.79154545456,36185.556211297,16528.541774770936,1.1579577323893728,37.425352944830585,27.593809691249504,,,,0.7210526315789474,0.9842105263157894,0.9842105263157894,2,0.8610526315789474,3,0.9285416817211412,3435.2145317942804,29.110263441907374,81.18341127659103,1.0385709490094865,64.72285810198102,70.95428379603794,,100000.0
2026-09-07,GILT5BETA,,NSE,66.8,99.97,13276767.2,456085.43620689656,,98.724,92.00227272727274,86.33303030303031,3107484.016,913682.5486363636,354753.29303030303,90876.79154545456,36185.556211297,16528.541774770936,1.1579577323893728,37.425352944830585,27.593809691249504,,,,0.7210526315789474,0.9842105263157894,0.9842105263157894,1,0.9610526315789474,3,0.9285416817211412,3435.2145317942804,29.110263441907374,81.18341127659103,1.0385709490094865,64.72285810198102,70.95428379603794,,100000.0
2026-08-21,ACESOFT,,BSE,204.55,100.0,18134175.7,72993.65702479339,,100.0,88.21954545454545,76.74787878787879,4064959.3,8406530.011363639,5955996.7727272725,26551.34250348401,34770.93668870097,24886.837554914066,1.3029676074356018,3.0446919956432907,2.9330226013541973,,,,0.8842105263157894,0.8526315789473684,0.9473684210526315,1,0.9421052631578948,3,0.9058409993184895,402.51985109416023,248.43495228414787,62.42618071630468,,,,,
2026-09-07,GNFC,,NSE,589.1,62.59,382613969.9,28298.298570768875,,49.942,49.76545454545455,48.08166666666667,249293318.0,184005939.10454547,137250834.67045453,21252.987967300047,19289.34295857514,15395.503084893757,1.3017435613019515,2.7876986746104198,1.838088590851928,,,,0.868421052631579,0.8157894736842105,0.8789473684210526,1,0.8957894736842105,3,0.8576842808009741,7.396044263142018,13520.741147852135,80.83744563440541,13.368598463444568,562.3628030731109,642.5743938537782,,100000.0
2026-09-08,GNFC,,NSE,589.1,62.59,382613969.9,28298.298570768875,,49.942,49.76545454545455,48.08166666666667,249293318.0,184005939.10454547,137250834.67045453,21252.987967300047,19289.34295857514,15395.503084893757,1.3017435613019515,2.7876986746104198,1.838088590851928,,,,0.868421052631579,0.8157894736842105,0.8789473684210526,2,0.7957894736842105,3,0.8576842808009741,7.396044263142018,13520.741147852135,80.83744563440541,13.368598463444568,562.3628030731109,642.5743938537782,,100000.0
2026-07-23,KRISHIVAL,,NSE,418.0,94.07,21186748.0,38641.055240549824,,79.226,77.42818181818183,82.91060606060606,4461517.94,11228028.659090908,7548221.787878787,13375.359724382008,15273.247002735689,19514.014914600568,1.1345954935034082,2.8068528714964973,1.9801694018199312,True,True,True,0.7052631578947368,0.8315789473684211,0.9052631578947369,1,0.8968421052631579,3,0.8415497652583475,182.38313515858982,548.2963099249598,42.614194769558594,,,,,
2026-09-08,CONFIPET,,NSE,82.49,64.72,195073919.31,22236.35934844607,,52.11999999999999,47.338636363636354,45.36242424242424,161321873.986,138761649.4981818,112418127.01484849,16809.882860056146,16063.987478765746,15168.406774242922,1.4267315091919623,1.7352532415366975,1.465965389733947,,,,0.9789473684210527,0.7157894736842105,0.8315789473684211,1,0.868421052631579,3,0.8240589511052072,11.398940169500237,8772.74540553925,57.50357133816397,4.305000305175781,73.87999938964843,99.71000122070312,,100000.0
2026-09-08,BHARATFORG,,NSE,2003.7,63.74,2487210843.3,82375.38000339393,,60.608,56.19227272727273,51.35878787878788,1708109209.7199998,1484776806.1636362,1280183703.7545457,63998.041263827065,55647.23856098049,50168.60994022894,1.2410729036369215,1.9428546356319516,1.6419705489455707,,,,0.8210526315789474,0.7578947368421053,0.8421052631578947,1,0.8631578947368421,3,0.8122561449640653,3.3119580603829837,30193.619054595256,51.416842150919116,49.67852783203125,1904.3429443359375,2202.414111328125,,100000.0
2026-08-28,PRARUH,,BSE,133.35,100.0,8267700.0,360386.9565217392,,100.0,92.54681818181818,93.34136363636364,6846740.0,6730500.0,3116423.9393939395,317633.6111111111,313584.0427653155,186860.4306066844,1.0713363947582433,2.652944580321715,1.928642438378537,,,,0.6105263157894737,0.7894736842105263,0.8947368421052632,1,0.8768421052631579,3,0.8029579996347613,4358.974763498182,22.94117434158935,64.27390432883253,,,,,
2026-08-13,TPINDIA,,BSE,18.99,100.0,3603998.16,112513.5,,100.0,94.5190909090909,90.39848484848486,2269389.478,4903127.096818182,3260154.5737878783,51880.2123021423,40160.94480705569,38425.36138185284,1.1062132309806747,1.1054684918858373,2.9281051876622506,,,,0.6736842105263158,0.631578947368421,0.9368421052631579,1,0.8926315789473684,2,0.7867518503696589,3121.907809187117,32.031695396552415,64.635097104977,,,,,
2026-08-24,TIERRA,,BSE,62.11,77.93,2809359.52,22604.761006289307,,43.2,73.27727272727272,79.57727272727271,2385814.88,2408290.7827272727,886365.4816666667,21366.999580325144,24695.40515871204,12375.686418959396,0.9792997086879537,3.1695272188594874,1.8265460388248929,,,,0.48947368421052634,0.868421052631579,0.8578947368421053,2,0.7505263157894737,1,0.7805720207973392,804.6232903038806,124.28176167040004,64.23847773915305,,,,,
2026-08-20,TIERRA,,BSE,62.11,77.93,2809359.52,22604.761006289307,,43.2,73.27727272727272,79.57727272727271,2385814.88,2408290.7827272727,886365.4816666667,21366.999580325144,24695.40515871204,12375.686418959396,0.9792997086879537,3.1695272188594874,1.8265460388248929,,,,0.48947368421052634,0.868421052631579,0.8578947368421053,1,0.8505263157894738,1,0.7805720207973392,804.6232903038806,124.28176167040004,64.23847773915305,,,,,
2026-07-31,KINETICENG,INE266B01017,BSE,218.75,100.0,14499187.5,31759.254424778763,True,100.0,100.0,91.0340909090909,3107223.56,4990591.429545455,6534406.738636363,15398.021298808186,23724.919654068828,23739.73457510237,1.0984895768318563,2.2188988350342225,1.3378100047540995,,,,0.631578947368421,0.7789473684210526,0.8105263157894737,1,0.8273684210526315,2,0.7638959748406424,219.04161474412797,456.5342531683504,49.661340255792375,,,,,
2026-08-31,SPICELOUNG,,BSE,28.47,56.0,11885427.84,18665.563764292,,59.45,68.42772727272728,68.98787878787878,11043201.906,8989137.115909092,3687718.970303031,20300.785189737788,15426.647653840371,9036.108479522927,0.8117368004919617,3.222975485852529,2.065663975437076,,,,0.20526315789473684,0.8894736842105263,0.9210526315789473,2,0.7621052631578947,2,0.7413587893436444,157.04578762805397,636.7569707558106,49.51758678233606,,,,,
2026-08-27,SPICELOUNG,,BSE,28.47,56.0,11885427.84,18665.563764292,,59.45,68.42772727272728,68.98787878787878,11043201.906,8989137.115909092,3687718.970303031,20300.785189737788,15426.647653840371,9036.108479522927,0.8117368004919617,3.222975485852529,2.065663975437076,,,,0.20526315789473684,0.8894736842105263,0.9210526315789473,1,0.8621052631578947,2,0.7413587893436444,157.04578762805397,636.7569707558106,49.51758678233606,,,,,
2026-08-14,KTKBANK,,NSE,334.25,70.02,471752093.75,28462.488648419265,,52.55400000000001,55.27181818181817,52.7089393939394,346226759.95,525907120.3318182,406264935.619697,25650.499600907853,27018.05413003497,24873.762458270976,1.3284274129798002,1.1611932322695093,1.14427757747421,,,,0.9263157894736842,0.6421052631578947,0.7263157894736842,1,0.7926315789473686,1,0.7383047471461985,6.033357143615065,16574.520224752025,65.75270851748539,9.317858014787946,315.6142839704241,371.5214320591518,,100000.0
2026-08-20,NATFIT,,BSE,258.1,75.62,11264516.4,35183.79759036144,,74.53,84.04181818181817,86.08999999999999,9961698.29,7269025.861363635,3052617.743939393,46349.1698439984,43112.22901367254,28901.25104593309,0.8783830874666049,3.6901169241921457,1.21737974368111,,,,0.30526315789473685,0.9263157894736842,0.8,1,0.8031578947368421,1,0.7226383597167665,312.3418382200717,320.16203967379295,33.11094269125268,,,,,
2026-08-21,BIL,,NSE,936.85,72.02,9823809.1,21384.741666666665,,59.21400000000001,76.31363636363636,72.71787878787877,12160496.48,10241231.811363636,5370829.871212121,15258.418060182372,26674.47950328153,17617.14117613831,0.9904029270447434,1.829104502575298,1.2138599249934725,,,,0.5210526315789473,0.7421052631578947,0.7842105263157895,1,0.796842105263158,0,0.7158298339182338,217.68278932320322,459.38404368535356,34.847821266296165,,,,,
2026-08-31,BIL,,NSE,936.85,72.02,9823809.1,21384.741666666665,,59.21400000000001,76.31363636363636,72.71787878787877,12160496.48,10241231.811363636,5370829.871212121,15258.418060182372,26674.47950328153,17617.14117613831,0.9904029270447434,1.829104502575298,1.2138599249934725,,,,0.5210526315789473,0.7421052631578947,0.7842105263157895,2,0.6968421052631579,0,0.7158298339182338,217.68278932320322,459.38404368535356,34.847821266296165,,,,,
2026-08-13,HIMTEK,,BSE,286.85,100.0,8283080.600000001,49535.19526627219,,100.0,97.9268181818182,84.3730303030303,8798122.459999999,9260139.036363635,6050872.946212121,75859.84091106812,87893.74829111977,43571.70777729528,1.185212853453818,1.3689067137304962,1.1368660489383988,,,,0.7578947368421053,0.6631578947368421,0.7052631578947368,1,0.7652631578947369,1,0.7028418782164756,598.0286521209534,167.2160684029812,57.712613616963324,,,,,
2026-08-31,SBICARD,,NSE,668.0,57.22,894525480.0,35212.40406476526,,47.786,56.02045454545455,46.255606060606056,829178156.77,1399801332.5204542,710669470.1469699,46595.92761115045,41949.86909925511,31276.512261446187,1.2370392450382757,1.2587081865427647,1.125841774505361,,,,0.8105263157894737,0.6526315789473685,0.6736842105263158,1,0.7505263157894737,0,0.6937548116641441,3.9364338805380097,25403.70371630186,48.58849607713694,,,,,
2026-09-03,SHINDL,,NSE,160.65,51.07,30320920.35,29003.015102239533,,36.502,34.566818181818185,19.70272727272727,21285985.494,10903266.644545456,5358196.834696971,45561.88239571473,39808.69719863784,31136.565935465736,2.59202694596964,5.658791807284321,0.931477644720094,,,,1.0,0.9473684210526315,0.4421052631578947,1,0.66,2,0.6847633911621149,95.65347874488094,1045.4402841606184,18.001167476433363,,,,,
2026-07-31,EMIL,,NSE,186.02,35.8,419756176.22,19417.943295887628,,46.728,36.32545454545454,45.331212121212126,106950284.108,344710490.1609091,202755051.19954547,12604.268925119488,19547.89201723144,14213.938750968664,0.7897428355604873,2.0702624853813805,1.3661198093008748,True,True,True,0.16842105263157894,0.7684210526315789,0.8210526315789474,1,0.7863157894736843,2,0.6517975839755412,4.626005380254468,21616.92254549414,36.82488791804545,,,,,
2026-08-13,RECLTD,,NSE,317.85,56.55,827561888.4000001,45899.71708144082,,51.166,55.60272727272727,55.54030303030303,818301985.32,1184390295.6454544,1108005211.3651516,46643.88439040816,43645.686884414514,40184.44515045946,1.0181795365636748,0.7468934982538369,1.1422259759860343,,,,0.5789473684210527,0.5789473684210527,0.7157894736842105,1,0.7452631578947368,1,0.6459469232749357,5.546378793516322,18029.7819032662,55.846203313692556,6.732145036969866,304.3857099260603,344.7785801478795,,100000.0
2026-08-07,PAYTM,,NSE,1670.0,56.54,2207613080.0,58020.59831985436,,44.642,44.37045454545454,40.48969696969697,2146588055.9,3217046465.05,2077135383.0181816,60044.20688958992,67533.75397959452,56106.18362191963,1.3964046222009339,1.0628161736825397,1.03412127816134,True,True,True,0.9421052631578948,0.6157894736842106,0.5526315789473685,1,0.6873684210526316,1,0.6432520884605664,2.628205043967866,38048.78170731593,62.436278508252364,,,,,
2026-08-25,SHUKRAPHAR,,NSE,54.11,19.93,73251628.94,14491.676342285828,,47.754,51.573181818181816,55.17121212121212,82744131.72399999,42505007.70636364,18149486.628030304,17613.252184860867,18207.12271747781,11987.02983341633,0.3612391178974542,4.036016579492074,1.208946381520406,,,,0.08421052631578947,0.9368421052631579,0.7578947368421053,1,0.756842105263158,1,0.6430372973141547,19.783418542345153,5054.738127586815,27.76843778788925,,,,,
2026-07-31,HEROMOTOCO,,NSE,5333.5,65.32,1369274788.5,66346.53609328334,,50.622,54.10045454545456,53.22393939393939,2155087892.8,1901361188.9318185,1934377720.668182,76659.10370938898,71398.38071694942,61728.8659314757,1.2272672925716954,0.7078631923174853,1.0748056859967854,True,True,True,0.8,0.5368421052631579,0.6210526315789474,1,0.7063157894736842,0,0.6290778318945238,4.845377761315828,20638.2257330631,37.855897883580305,125.10714285714286,5083.285714285715,5833.928571428572,,100000.0
2026-09-04,KATIPATANG,,BSE,13.6,71.38,765462.4,9047.393162393162,,94.15,86.48727272727272,84.19560606060607,2342266.6559999995,880419.0495454543,531026.1542424243,29274.52120653842,12287.420448056851,7465.2686847182995,0.8477877093564588,1.4414777763480005,1.2119313509657776,,,,0.23157894736842105,0.6736842105263158,0.7684210526315789,1,0.7515789473684209,1,0.6180328895665557,1181.9513489353835,84.60585123920099,67.61863714248582,,,,,
2026-08-26,EMAMILTD,,NSE,363.65,60.29,188688893.75,15568.453675129407,,58.124,57.36590909090908,56.85469696969698,252757040.46,225871123.4136363,184935252.75227275,19085.51635035527,15945.470109062908,14607.32423077216,1.060422501805506,1.0202970550063561,1.0657977757714523,,,,0.6,0.6,0.6105263157894737,1,0.6863157894736842,1,0.6052545297438532,8.250858524697566,12119.95087549577,63.164690682034916,11.649998256138392,340.3500034877232,410.24999302455353,,100000.0
2026-08-06,SUDARSCHEM,,NSE,1221.7,57.69,103238536.8,22823.2215596911,,39.426,47.21636363636364,49.23272727272728,207122534.42,374247438.8545454,206771242.91515157,22170.438028115797,23960.432621884785,20203.526110612365,1.1717815200531794,0.499288659992066,1.1296652591600176,True,True,True,0.7473684210526316,0.3894736842105263,0.6842105263157895,1,0.7242105263157894,0,0.6015119478695894,22.107269501412677,4523.398965829312,23.96333618366157,,,,,
2026-08-19,PKTEA,,NSE,972.75,18.49,11099077.5,14600.191579782411,,84.454,82.86090909090909,84.15848484848485,2641456.72,1411406.072727273,604445.2803030303,19589.941809612697,24960.38568191291,13096.399383875338,0.21970452573247443,18.362419000832684,1.1148248577207096,,,,0.05263157894736842,0.9578947368421052,0.6631578947368421,1,0.6989473684210527,2,0.5938917453434187,131.54418986426944,760.2008123899844,36.753320458563856,,,,,
2026-08-06,SUNDRMFAST,,NSE,1255.0,47.71,173556460.0,14578.39508643857,,58.07000000000001,56.00136363636364,60.59045454545454,50050397.0,120397952.75227273,106559052.91136365,10466.9198532419,13521.848076739048,12698.515040694305,0.787417760073219,1.6287350089754,1.1480393604858448,True,True,True,0.15789473684210525,0.7052631578947368,0.7368421052631579,1,0.7284210526315789,3,0.5927639160186622,8.399799746110615,11905.045718060519,62.52006258286137,,,,,
2026-07-30,SHANKARA,,NSE,148.34,79.87,7984252.16,18787.583890977447,,74.98800000000001,71.00772727272728,64.22212121212122,10398067.102,9696777.168636365,15467803.117727274,29602.780128900624,20652.517054126143,17668.837666646323,1.2436524750746696,0.5161852720280259,1.063317477099413,True,True,True,0.8421052631578947,0.43157894736842106,0.5894736842105263,1,0.6810526315789474,1,0.586478352785645,235.30799772457897,424.9749305888321,34.6242493873484,,,,,
2026-08-28,ASIANHOTNR,,NSE,405.75,34.54,20007126.75,11830.203217872517,,42.672,55.35318181818182,50.1680303030303,5938294.95,9738192.929545457,7446821.773484847,9682.477626027316,13267.57394833604,10438.963216662143,0.6884862688721841,2.686666521446421,1.1332737717659305,,,,0.09473684210526316,0.8,0.6947368421052632,1,0.7063157894736842,1,0.5812292291164134,59.12994587227532,1691.1904539200282,16.161078626904086,,,,,
2026-09-02,AKUMS,,NSE,736.6,59.68,87494821.2,12847.03827375763,,54.20799999999999,51.186818181818175,51.06257575757576,173544077.24,169701477.83409092,125658194.99621212,14990.867007237375,14379.935548454234,12544.900026709514,1.168762035885856,0.6962922012578445,1.024084548015913,,,,0.7368421052631579,0.5263157894736842,0.5368421052631579,1,0.648421052631579,1,0.5716651096842313,14.683198499704607,6810.505218056664,23.277440926353258,,,,,
2026-08-21,CONSUMER,,NSE,11.98,71.73,3041434.48,14255.064276094276,,81.18199999999999,77.80545454545455,76.30136363636365,3944636.434,4488492.107727273,4115088.660151515,11218.53124394259,14766.5955300056,12954.154597728566,0.9400880479915168,0.7390933054375591,1.1004241279159828,,,,0.3894736842105263,0.5684210526315789,0.6421052631578947,1,0.6810526315789474,1,0.5664241157454435,468.695425459051,213.3581737053604,35.938264359097325,,,,,
2026-09-01,HDBFS,,NSE,683.1,64.94,217218285.9,19359.26545738587,,67.58200000000001,63.43272727272727,59.394090909090906,466179846.17,381759055.3863636,323834306.77803034,33563.20423170959,25468.08250706733,18653.04903837146,1.093374761799077,0.6707698392464964,1.0378606423840757,,,,0.6210526315789474,0.5157894736842106,0.5684210526315789,1,0.6547368421052631,1,0.5627244990940539,8.912355319062883,11220.378499284834,44.46194205493422,,,,,
2026-08-17,PFIZER,,NSE,4310.7,43.31,348339045.6,23515.0333246873,,65.994,60.81909090909091,55.624848484848485,52849550.54000001,164690870.95909092,103149495.82575758,22580.28624782863,30969.03004497633,23041.264889384125,0.7786088624007148,3.3770310054488495,1.0205617372821167,,,,0.14210526315789473,0.9105263157894737,0.5210526315789473,1,0.6178947368421053,2,0.538010338162876,6.750616567885349,14813.461702998977,65.6147756477353,,,,,
2026-08-20,WONDERLA,,NSE,518.4,60.24,13564972.8,10007.83739532834,,52.376,58.88454545454545,59.53757575757577,14521485.389999997,47291375.45,30265967.156818185,9778.647185676688,10691.271008652691,9070.637776783347,1.0117979987173873,0.4481922791270902,1.103322350821217,,,,0.5684210526315789,0.3157894736842105,0.6526315789473685,1,0.68,0,0.5273426471781655,73.77705464568524,1355.4349720282357,17.937076316688206,,,,,
2026-08-13,TLL,,BSE,287.5,56.76,3622500.0,189101.4705882353,,74.442,72.14272727272727,68.4239393939394,6164586.0,6548239.090909091,6138623.181818182,179082.86940540024,189963.7561213804,172101.37023068176,0.8295342317725054,0.5901160394939019,1.0987795758672165,,,,0.22105263157894736,0.4631578947368421,0.631578947368421,1,0.6473684210526316,1,0.49017846062913173,5220.192424796005,19.156381961131977,70.93938663457425,,,,,
2026-07-31,AGRIBIO,,BSE,325.3,14.11,391661.2,77661.36111111111,,37.746,37.95227272727273,41.27333333333333,1040540.9,1850429.6772727277,1855163.040151515,77729.40003109917,91127.86012149569,65190.9790003387,0.34186722661928604,0.21111955743146554,1.1912899959779346,True,True,True,0.07368421052631578,0.12631578947368421,0.7473684210526316,1,0.668421052631579,0,0.3895225731287699,19828.709382269957,5.04319257860605,70.17380894746455,,,,,
