DATE,SYMBOL,ISIN,EXCHANGE,CLOSE,DELIV_PER,DELIVERY_TURNOVER,ATW,EVER_100_DELIV,DELIV_PER_1W,DELIV_PER_1M,DELIV_PER_3M,DELIVERY_TURNOVER_1W,DELIVERY_TURNOVER_1M,DELIVERY_TURNOVER_3M,ATW_1W,ATW_1M,ATW_3M,VWAP,VWAP_1M,IS_FLEXGATE_ALERT
2026-08-12,LT,INE018A01030,NSE,4020.0,68.77,6155870220.0,81207.11708728134,False,52.896,54.63681818181817,53.391060606060606,2812989476.12,3937229578.977273,4361176124.184849,68140.59347285898,65518.69597898048,66891.71666623859,0.0,0.0,True
2026-08-12,PRIMESECU,INE032B01021,NSE,291.25,76.1,24298987.5,27818.66539451115,False,68.84,62.55090909090909,63.24181818181818,11195155.57,6123524.356818181,6924764.725000001,16725.188003004656,13449.805534252177,17509.178994887927,0.0,0.0,True
2026-08-12,WOCKPHARMA,INE049B01025,NSE,1847.4,51.85,553571562.6,36261.16425330241,False,39.306,41.17318181818182,35.06378787878788,696281391.6600001,552712870.7454545,884224309.6287879,45948.42094015537,41396.45096594611,43767.95862529815,0.0,0.0,True
2026-08-12,SBIN,INE062A01020,NSE,1082.0,55.14,10544177642.0,94252.75973716064,False,44.02,50.18772727272728,51.07757575757576,6962237938.08,5740059285.768182,7288085090.296969,60716.8819201298,57717.061085336056,60014.10342118984,0.0,0.0,True
2026-08-12,AMBUJACEM,INE079A01024,NSE,421.0,66.47,1511168975.0,45744.95606719408,False,52.8,43.99590909090909,46.788030303030304,687231363.02,470216824.73636377,631626087.8363636,36365.890263920825,31745.92037569211,36057.40009002054,0.0,0.0,True
2026-08-12,TATASTEEL,INE081A01020,NSE,186.2,58.82,3995806194.8,39405.44993546696,False,52.264,51.26545454545455,50.981060606060616,2149362921.748,2107852509.7890916,2879383352.2457576,28025.95656786611,27921.07053963336,30365.377347178357,0.0,0.0,True
2026-08-12,BENGALASM,INE083K01017,NSE,6206.0,86.63,2172100.0,58296.82558139535,True,30.924,56.54363636363637,64.37545454545455,750214.7,753043.0454545454,2106877.159090909,9802.982330731336,17305.696341423212,27000.85227609249,0.0,0.0,True
2026-08-12,IDFCFIRSTB,INE092T01019,NSE,85.8,65.31,931263847.8,27417.803610954867,False,58.282,50.904545454545456,49.72469696969697,526293176.3,866194376.5372727,961935293.2419696,21325.791186157818,24403.305853301008,26342.41998579617,0.0,0.0,True
2026-08-12,SOLARWORLD,INE0TY101024,NSE,161.37,88.22,78039338.85000001,31001.98494244855,False,48.13,48.75318181818181,44.88530303030303,23152014.984,30517750.23045454,33625928.95636364,9797.947881723388,11218.818038450032,12194.490788043107,0.0,0.0,True
2026-08-12,HYUNDAI,INE0V6F01027,NSE,2240.0,56.45,926797760.0,48396.20410930453,False,52.042,46.88636363636363,49.48015151515152,526617470.3,745556068.5636363,1262211624.4303029,36267.27269521025,38024.68223488668,44025.02652449935,0.0,0.0,True
2026-08-12,GODREJCP,INE102D01028,NSE,910.0,55.28,11331421010.0,32193.10291406938,False,46.68,52.05181818181818,54.4769696969697,617114111.54,355645987.7363636,695513034.7075756,30940.61981611823,25836.87202680031,34061.06255304816,0.0,0.0,True
2026-08-12,HDFCAMC,INE127D01025,NSE,2490.0,71.47,1583022480.0,50412.71077951914,False,57.598,54.42727272727273,55.86954545454546,811444544.26,1236011611.6272728,1320370996.9333336,43549.56431628742,47136.992572381096,48296.516152052085,0.0,0.0,True
2026-08-12,KIRLOSENG,INE146L01010,NSE,2053.4,66.11,609635979.4,26100.46000056025,False,53.462,47.23181818181818,45.98242424242424,834341379.1999999,498673610.34545445,586305107.460606,27338.18052704941,26359.745278756964,26697.29706636462,0.0,0.0,True
2026-08-12,DELHIVERY,INE148O01028,NSE,470.25,69.57,2003439933.0,48807.90060403941,False,47.538,50.672272727272734,50.599545454545456,1170148570.33,996951733.718182,1081722464.9613638,38745.93254462277,35817.918337735595,36190.86323351557,0.0,0.0,True
2026-08-12,VIDYAWIRES,INE14UN01029,NSE,92.81,59.02,64190180.3,29091.79806468717,False,58.79,54.81136363636363,47.27333333333333,60967779.42,39810112.98590909,121067036.22575758,12580.037695655154,11052.926144592102,17923.41670036366,0.0,0.0,True
2026-08-12,VOLTAS,INE226A01021,NSE,1290.0,53.78,687853800.0,33752.823176445534,False,40.724,39.61318181818182,41.19045454545455,305261814.48,314484724.1318182,524743381.1772727,28747.35549574432,30936.717017049054,37999.5441034318,0.0,0.0,True
2026-08-12,SUMEETINDS,INE235C01036,NSE,14.82,67.98,573067140.36,142638.99330572927,True,99.752,72.04818181818182,46.92772727272727,6574904.902,7767386.020909089,9204088.595757576,12522.968486339389,15389.436172586613,19999.227670243374,0.0,0.0,True
2026-08-12,COLPAL,INE259A01022,NSE,2005.0,77.42,494342775.0,38132.42367429903,False,55.396,49.21863636363637,49.5269696969697,276003912.18,342457270.83181816,403619170.1833333,20669.72693047011,26585.351932924485,31262.058002503534,0.0,0.0,True
2026-08-12,BHARTIHEXA,INE343G01021,NSE,1486.0,78.37,311165428.0,31348.67017958412,False,54.33200000000001,53.75954545454545,54.53909090909091,179768266.54000002,131596392.4772727,169680509.23333332,16582.401654427227,15950.910582255952,16357.12121904127,0.0,0.0,True
2026-08-12,NDLVENTURE,INE353A01023,NSE,127.03,98.77,57762954.57,117014.26306,False,75.928,78.73681818181818,71.39151515151515,643342.4,1286198.5168181816,1717603.1327272726,6107.936710489447,5973.2839022626,7118.807252263912,0.0,0.0,True
2026-08-12,ZOTA,INE358U01012,NSE,1249.6,90.44,236894169.6,64513.13323427439,False,54.722,55.33454545454545,57.22666666666666,15921510.160000002,29190696.20454546,41070725.05303031,15521.000567023157,17524.342499573086,21027.671493936057,0.0,0.0,True
2026-08-12,DATAMATICS,INE365B01017,NSE,862.95,80.91,157724823.3,35678.0949981577,False,42.622,43.365,42.43878787878788,65407341.35,38513795.929545455,45083452.60151515,15000.785849175616,13187.037650841074,15520.240577162458,0.0,0.0,True
2026-08-12,AUROPHARMA,INE406A01037,NSE,1667.0,65.36,867411781.0,43856.1532281634,False,43.772000000000006,47.379090909090905,47.73272727272727,873765790.14,755986957.1545453,961156251.8333334,43818.0408674838,37260.445396611285,39384.04827944038,0.0,0.0,True
2026-08-12,VINATIORGA,INE410B01037,NSE,1327.4,92.81,339218397.40000004,86645.9009569378,False,54.706,54.94045454545455,56.044090909090905,27614629.32,27026021.35454545,52564626.26060606,10913.28531638177,11491.267473201824,12674.038404213492,0.0,0.0,True
2026-08-12,MUTHOOTFIN,INE414G01012,NSE,2876.3,60.45,1429348522.0,48562.80534312122,False,51.38199999999999,48.25863636363636,47.9969696969697,1515334048.84,1596252302.8863635,1602165290.5363638,54499.73071661817,50129.96180018321,51236.78640629533,0.0,0.0,True
2026-08-12,APOLLOHOSP,INE437A01024,NSE,8597.0,60.25,4541262086.0,111466.7843406186,False,60.54600000000001,61.089545454545465,59.249242424242425,2083937219.9,1521854102.8636365,1819906166.5681815,74880.74626266191,62510.23171531707,69566.87319707475,0.0,0.0,True
2026-08-12,MANIPALHOS,INE459N01021,NSE,692.45,59.63,906790280.55,42647.41827546684,False,46.91,46.91,46.91,5097882727.31,5097882727.31,5097882727.31,37861.7854623931,37861.7854623931,37861.7854623931,0.0,0.0,True
2026-08-12,SEAMECLTD,INE497B01018,NSE,1521.8,52.22,479365478.2,71060.9016630736,False,61.148,58.99,52.40727272727271,35567881.2,37211886.59090909,53008531.204545446,16998.498229855977,14682.5572450746,16036.459705846,0.0,0.0,True
2026-08-12,YESBANK,INE528G01035,NSE,22.98,63.28,992834905.92,25636.71151582966,False,53.878,45.7590909090909,40.93772727272728,486179820.27,621490182.9127272,982159560.9828788,15434.21869750433,19734.103662019108,25657.37809964922,0.0,0.0,True
2026-08-12,NMDC,INE584A01023,NSE,85.9,63.06,989441812.9,37230.169385786925,False,49.236,52.37909090909091,48.1239393939394,753898653.378,762761698.035909,958744087.1584848,23892.065222077847,25367.665855049167,29152.86663601869,0.0,0.0,True
2026-08-12,CAMS,INE596I01020,NSE,777.4,54.3,488205645.2,25683.424933409708,False,43.374,44.21409090909091,45.36484848484848,357648019.56,384881901.09090906,435270803.4075758,22252.41737136337,22304.48461843006,24279.61869255902,0.0,0.0,True
2026-08-12,MANKIND,INE634S01028,NSE,2433.1,71.41,1311017540.6,46078.83692393538,False,55.466,51.86318181818182,51.11636363636364,279962342.66,548418329.0090909,698332372.889394,35673.13666598497,41750.98702163507,42215.83949102368,0.0,0.0,True
2026-08-12,ABCAPITAL,INE674K01013,NSE,410.95,64.66,624558933.35,33214.94198165841,False,48.102,46.42227272727273,46.743181818181824,641772575.1700001,696511203.1818182,745179940.560606,31312.782266186518,29508.061635147835,29681.828129993926,0.0,0.0,True
2026-08-12,APOLLO,INE713T01028,NSE,379.85,50.94,683597812.2,32697.60208147308,False,33.010000000000005,26.814090909090908,23.15272727272728,624001945.3100001,579483169.6431819,1412289567.3750002,38316.1603734864,40734.01530804311,43569.78027655136,0.0,0.0,True
2026-08-12,WEBELSOLAR,INE855C01023,NSE,85.29,55.72,193516272.09,25070.747256325478,False,57.036,56.25227272727273,52.65257575757576,103985780.758,90273551.905,125615395.39651512,17565.641775101823,16678.33118494399,19362.76961671334,0.0,0.0,True
2026-08-12,GVPIL,INE878A01011,NSE,794.0,53.25,185789648.0,28006.73962438671,False,59.94199999999999,54.64545454545453,47.37409090909092,68929510.09,79429814.51590909,199861914.1242424,15389.343517144329,19673.75636969507,33539.11258102236,0.0,0.0,True
2026-08-12,FAZE3Q,INE963C01033,NSE,543.05,60.25,37795736.95,45847.20889615105,True,57.95799999999999,62.00954545454545,58.001969696969695,6781699.480000001,5005919.51818182,9456723.474242425,9799.627189284232,10028.51645521831,12825.52353849599,0.0,0.0,True
2026-08-12,TIINDIA,INE974X01010,NSE,2839.0,59.13,816811529.0,40019.72482140766,False,53.238,49.42,48.86878787878789,351904529.68,383492738.2409091,487519697.5181818,25077.83772532064,24622.537494675627,31992.14441582427,0.0,0.0,True
2026-08-12,PVTBANK,INF174KA1A94,NSE,27.59,99.99,7070323.76,76285.20836956521,True,94.54,81.67,81.67,234259.268,355157.0046666666,355157.0046666666,7616.663714997502,10779.019595152296,10779.019595152296,0.0,0.0,True
2026-08-12,ABSL10BANK,INF209KC1670,NSE,170.0,99.53,18505180.0,411793.9466666667,True,91.004,91.44318181818184,77.64409090909089,8891004.360000001,6846202.946363636,11509699.989242423,105383.14001960882,110457.03644954218,112734.29234896436,0.0,0.0,True
2026-08-12,NPBET,INF277K010X4,NSE,282.97,94.7,798258.3700000001,44371.48631578947,True,70.53399999999999,65.93863636363636,73.97060606060607,224059.576,196874.0663636364,1723708.0501515153,6231.736592969358,10718.552695366769,16276.316561146785,0.0,0.0,True
2026-08-12,TATSILV,INF277KA1984,NSE,22.91,54.29,698950788.86,26704.491598865105,False,36.578,32.067727272727275,33.00424242424243,455913560.72,287360011.1077273,513538603.23287874,21994.82835067138,18114.000747311613,21236.10794492244,0.0,0.0,True
2026-08-12,GROWWPSE,INF666M01NQ3,NSE,100.4,50.93,848179.2000000001,34915.62042553191,False,76.11800000000001,67.19863636363638,69.13333333333335,283858.02,206238.4540909091,338427.076060606,6172.5692523304215,6250.0458529357575,6820.34185258348,0.0,0.0,True
2026-08-12,BANKADD,INF740KA1RX3,NSE,59.33,98.51,20067067.24,212051.7590625,False,86.45800000000001,71.70590909090909,74.26469696969696,6023187.361999999,2403405.785454545,9224003.44409091,54392.1947481034,19960.888967890856,33514.15479033844,0.0,0.0,True
2026-08-12,NEXT50,INF769K01FN2,NSE,767.82,70.54,30181468.56,60695.98896453901,False,60.38199999999999,66.23363636363636,70.87287878787878,9623463.613999998,16053428.834545456,23180080.82409091,18494.01860917529,19040.73800813333,24861.69873303012,0.0,0.0,True
