symbol,entry_date,entry_price,exit_date,exit_price,return_pct,days_held,exit_reason,pnl,patch1_capped,YM
BFINVEST,2023-01-03,410.0,2023-01-04,461.9428571428571,12.10634878048779,1,TP,9827.933939999988,True,2023-01
BRIGADE,2022-12-30,475.4,2023-01-11,445.7214285714286,-6.711062854964224,12,SL,-6029.930241562484,True,2022-12
MAXVIL,2023-01-10,155.9,2023-01-19,140.6,-10.264349743425287,9,GAP_DOWN_SL,-5168.685163750008,True,2023-01
RKEC,2023-01-10,71.6,2023-01-23,64.44999999999999,-10.435540764664813,13,SL,-6485.563358750005,True,2023-01
TEAMLEASE,2022-12-28,2502.0,2023-01-25,2373.821428571429,-5.596836218525154,28,SL,-5461.280845312474,True,2022-12
ABBOTINDIA,2023-01-10,22319.0,2023-01-25,21430.307142857142,-4.461268217382049,15,SL,-1991.4209068749988,True,2023-01
MFSL,2023-01-31,837.1,2023-02-01,794.0928571428572,-5.611353967566586,1,SL,-3429.003016562492,True,2023-01
TATAMETALI,2023-01-18,832.2,2023-02-07,784.5928571428572,-6.191444777397244,20,SL,-2988.4617993749926,True,2023-01
EMAMILTD,2023-01-04,429.75,2023-02-08,409.4214285714286,-5.206077879581154,35,SL,-4273.265860312502,True,2023-01
ISEC,2023-01-06,500.15,2023-02-08,473.32142857142856,-5.836693054583635,33,SL,-4320.448606250007,True,2023-01
AHLUCONT,2023-01-24,510.0,2023-02-13,473.0571428571429,-7.706899264705874,20,SL,-4127.044556249995,True,2023-01
CRAFTSMAN,2023-01-31,3107.7,2023-02-16,3562.7999999999997,14.071765855777596,16,TP,7434.240547500005,True,2023-01
SRF,2023-02-22,2300.05,2023-02-27,2201.964285714286,-4.742582702006466,5,SL,-2836.1261093749927,True,2023-02
ISGEC,2023-03-08,464.0,2023-03-10,518.9857142857143,11.291816675646555,2,TP,2986.4596743750008,True,2023-03
DALBHARAT,2023-03-06,1867.0,2023-03-13,1760.0,-6.201874665238314,7,GAP_DOWN_SL,-2199.9909999999873,True,2023-03
CASTROLIND,2023-03-08,116.0,2023-03-13,112.15714285714286,-3.7956395474137947,5,SL,-915.8119100000004,True,2023-03
ICIL,2023-03-07,133.75,2023-03-14,126.75714285714285,-5.701570560747668,7,SL,-1868.3334031250015,True,2023-03
ROUTE,2023-03-15,1327.0,2023-03-16,1236.9857142857143,-7.2487930011303545,1,SL,-1154.2977974999976,True,2023-03
LTGILTBEES,2023-02-28,22.75,2023-03-20,24.041428571428572,5.148886538461548,20,TP,2564.132623937505,True,2023-02
COFORGE,2023-02-14,4017.0,2023-03-21,3731.9785714285717,-7.559322792195658,35,SL,-5162.185941562493,True,2023-02
NATHBIOGEN,2023-02-27,150.0,2023-03-21,138.71428571428572,-7.985612499999996,22,SL,-4899.173268749997,True,2023-02
KAJARIACER,2023-02-28,1076.4,2023-03-24,1029.0357142857144,-4.87765076295984,24,SL,-2677.654673437486,True,2023-02
ICICILIQ,2023-03-10,1000.0,2023-03-24,1012.0228571428571,0.6969068000000004,14,TP,153.31949600000007,True,2023-03
AUBANK,2023-03-14,596.0,2023-03-24,565.0571428571428,-5.665203229865763,10,SL,-1316.8198387499979,True,2023-03
INFIBEAM,2023-03-17,15.25,2023-03-24,14.057142857142857,-8.282327868852454,7,SL,-1331.2599699999992,True,2023-03
CESC,2023-02-28,69.95,2023-03-27,66.33571428571429,-5.640528502501789,27,SL,-2280.5277193750007,True,2023-02
RBA,2023-03-22,91.85,2023-03-27,87.17142857142856,-5.567646978769712,5,SL,-1211.9904487499953,True,2023-03
TECH,2023-01-17,29.71,2023-03-28,28.23857142857143,-5.4272801666105615,70,SL,-2913.688002062496,True,2023-01
HARDWYN,2023-02-07,306.0,2023-03-28,274.0,-10.904669117647039,49,SL,-6006.291749999989,True,2023-02
ASTRAZEN,2023-03-07,3374.25,2023-03-29,3220.8928571428573,-5.021604106468082,22,SL,-1355.531812499994,True,2023-03
KCP,2023-03-28,96.05,2023-04-03,107.86428571428571,11.739342464862082,6,TP,4927.453997187513,True,2023-03
VBL,2023-02-28,1290.0,2023-04-05,1468.4857142857143,13.267632848837223,36,TP,5819.183767500006,True,2023-02
DRREDDY,2023-03-22,4429.35,2023-04-06,4707.535714285715,5.749770458701627,15,TP,1273.3872890625025,True,2023-03
CHOICEIN,2023-02-21,267.95,2023-04-12,304.6928571428571,13.144727444485934,50,TP,8981.430782812517,True,2023-02
JSL,2023-04-06,288.2,2023-04-12,263.0571428571429,-9.17990935114502,6,SL,-2513.3673812499947,True,2023-04
EVEREADY,2023-03-28,280.6,2023-04-17,311.7142857142857,10.533735744832514,20,TP,4906.571975000006,True,2023-03
NAM-INDIA,2023-04-05,216.8,2023-04-17,237.94285714285715,9.204165129151281,12,TP,2554.1926399999975,True,2023-04
SUNDRMFAST,2023-03-14,972.05,2023-04-18,1049.15,7.3927068759323324,35,TP,2083.9634084375066,True,2023-03
MEDICAMEQ,2023-03-28,634.3,2023-04-18,756.4857142857143,18.667509656314053,21,TP,6275.624728750001,True,2023-03
SCHAEFFLER,2023-04-12,3030.0,2023-04-19,2837.157142857143,-6.832043254950475,7,SL,-1449.0763743749958,True,2023-04
LINDEINDIA,2023-04-13,4138.2,2023-04-21,3920.75,-5.727834452479312,8,SL,-948.1169812499957,True,2023-04
SRF,2023-03-15,2319.85,2023-04-24,2500.35,7.24244572655561,40,TP,1176.0971403125022,True,2023-03
TATACONSUM,2023-03-28,690.0,2023-04-25,737.2142857142858,6.30910461956523,28,TP,1915.4441625000036,True,2023-03
PDSL,2023-04-04,335.0,2023-04-27,377.8714285714286,12.234159141791071,23,TP,3483.6768156250073,True,2023-04
LT,2023-03-15,2164.2,2023-04-28,2354.3999999999996,8.245204463543123,44,TP,1605.9844350000021,True,2023-03
NESCO,2023-03-21,511.05,2023-04-28,557.6357142857142,8.570789734370408,38,TP,2671.862277187498,True,2023-03
SHOPERSTOP,2023-04-18,584.6,2023-04-28,655.0142857142857,11.485341793534058,10,TP,3424.3087143750054,True,2023-04
BOSCHLTD,2023-03-21,18198.0,2023-05-02,19822.7,8.383945443867477,42,TP,1525.7103918750036,True,2023-03
RSYSTEMS,2023-04-28,253.55,2023-05-03,247.40000000000003,-2.9128194636166223,5,SL,-1137.3598774999919,True,2023-04
SIEMENS,2023-03-15,3284.8,2023-05-04,3561.128571428572,7.870956698276917,50,TP,1292.7259281250008,True,2023-03
ABFRL,2023-04-14,223.35,2023-05-05,210.85714285714286,-6.064842175956998,21,SL,-1002.3910499999965,True,2023-04
NYKAA,2023-04-28,116.5,2023-05-05,129.87142857142857,10.920929721030058,7,TP,3473.347093125005,True,2023-04
TATACOFFEE,2023-04-11,210.25,2023-05-08,227.69285714285715,7.755441587395974,27,TP,1418.605986562503,True,2023-04
DEEPAKNTR,2023-04-11,1823.05,2023-05-09,1962.9642857142858,7.137035891089133,28,TP,1561.340793750005,True,2023-04
MARUTI,2023-05-03,8770.0,2023-05-11,9242.95,4.86651104261689,8,GAP_UP_TP,1280.3790553125036,True,2023-05
HINDALCO,2023-04-19,434.4,2023-05-12,418.3285714285714,-4.180583995165722,23,SL,-1216.750610624993,True,2023-04
OBEROIRLTY,2023-04-12,900.2,2023-05-15,995.3857142857144,10.02166261664077,33,TP,2435.805185625006,True,2023-04
UTINEXT50,2023-04-25,40.9,2023-05-15,43.28,5.2906369193154195,20,GAP_UP_TP,1596.9364290000049,True,2023-04
CHAMBLFERT,2023-05-05,301.6,2023-05-15,288.90000000000003,-4.689222272877978,10,SL,-1668.8379362499982,True,2023-05
NATCOPHARM,2023-05-11,649.0,2023-05-15,619.3928571428571,-5.038557155238812,4,SL,-1602.3115609374945,True,2023-05
GREENPLY,2023-01-10,142.1,2023-05-17,163.64285714285714,14.585267857142876,127,TP,8145.18659062501,True,2023-01
AMBER,2023-02-02,1880.0,2023-05-17,2170.0,14.849125664893634,104,GAP_UP_TP,8095.74331250001,True,2023-02
BASF,2023-03-28,2265.5,2023-05-17,2498.4571428571426,9.732088832487326,50,TP,3527.6875600000058,True,2023-03
VESUVIUS,2023-05-16,2129.95,2023-05-17,2395.092857142857,11.886774909622314,1,TP,3544.5530706250065,True,2023-05
ACC,2023-05-12,1795.75,2023-05-18,1720.6142857142856,-4.662566163163013,6,SL,-1088.4644143749974,True,2023-05
RAMCOCEM,2023-03-14,716.0,2023-05-19,801.0142857142858,11.314835282821262,66,TP,2916.5119425000084,True,2023-03
BHAGCHEM,2023-04-05,1281.0,2023-05-22,1582.3000000000002,22.903855532786917,47,TP,7041.561345000009,True,2023-04
ALKEM,2023-04-11,3370.0,2023-05-23,3224.9357142857143,-4.78245722366469,42,SL,-805.8440421875002,True,2023-04
INDOTECH,2023-05-24,304.0,2023-05-26,355.8285714285714,16.464359375000004,2,TP,7007.231350000002,True,2023-05
MANXT50,2023-05-09,408.24,2023-05-29,422.83,3.056656057098777,20,GAP_UP_TP,1110.5858491875042,True,2023-05
M&M,2023-05-12,1256.4,2023-05-29,1331.2571428571428,5.428938037249273,17,TP,1568.8110824999967,True,2023-05
APOLLOHOSP,2023-04-24,4362.3,2023-05-30,4752.4571428571435,8.399801939343938,36,TP,2198.547360000004,True,2023-04
NBCC,2023-05-02,39.5,2023-05-30,44.07142857142858,11.016068037974684,28,TP,3380.9965218750003,True,2023-05
CRISIL,2023-04-12,3418.0,2023-05-31,3811.2571428571428,10.948644748390889,49,TP,2619.572742500004,True,2023-04
ONGC,2023-05-30,159.7,2023-05-31,153.6142857142857,-4.2910617564182685,1,SL,-1836.557267499993,True,2023-05
REPRO,2023-05-16,548.0,2023-06-02,663.9,20.544644046532863,17,GAP_UP_TP,5516.6478193750045,True,2023-05
APOLLOPIPE,2023-03-21,566.2,2023-06-05,654.7285714285715,15.058110318791954,76,TP,4007.1739693750023,True,2023-03
MATRIMONY,2023-05-23,585.1,2023-06-05,673.4285714285714,14.521558280635796,13,TP,7561.941737500005,True,2023-05
MAXHEALTH,2023-05-24,555.55,2023-06-05,520.2857142857142,-6.815311403114036,12,SL,-3218.3093125000014,True,2023-05
TATACOMM,2023-05-26,1266.0,2023-06-05,1385.3142857142857,8.878070497630336,10,TP,3821.476665000002,True,2023-05
SCHAEFFLER,2023-04-28,2817.0,2023-06-07,3163.442857142857,11.737501397763612,40,TP,3967.7449725000115,True,2023-04
HFCL,2023-04-03,61.1,2023-06-08,70.21428571428571,14.34313113747952,66,TP,4583.390584374993,True,2023-04
JPASSOCIAT,2023-03-31,7.2,2023-06-12,8.7,20.229921874999977,73,TP,6133.550473124993,True,2023-03
SUPREMEIND,2023-04-13,2619.25,2023-06-12,2914.3928571428573,10.712574508447094,60,TP,1683.534646875003,True,2023-04
AARTIIND,2023-06-08,523.4,2023-06-12,504.4,-4.111357948032087,4,SL,-1549.3570199999958,True,2023-06
USHAMART,2023-06-08,256.6,2023-06-13,292.4,13.38262957911146,5,TP,4567.197057500001,True,2023-06
GRASIM,2023-04-06,1664.15,2023-06-15,1789.0214285714287,6.966769991437076,70,TP,1623.1250393750015,True,2023-04
POLYMED,2023-05-30,970.2,2023-06-15,1047.942857142857,7.473685064935067,16,TP,3552.974932500001,True,2023-05
PIIND,2023-05-30,3500.0,2023-06-15,3839.2,9.14365699999999,16,TP,3200.2799499999965,True,2023-05
L&TFH,2023-06-06,105.7,2023-06-15,115.5857142857143,8.806535596026508,9,TP,3788.5628068750084,True,2023-06
BHARATFORG,2023-05-11,776.6,2023-06-16,838.2857142857143,7.4040078547515,36,TP,2127.4824250000056,True,2023-05
IIFL,2023-05-16,450.6,2023-06-16,511.0,12.83803678428763,31,GAP_UP_TP,4280.766337500005,True,2023-05
ICICIPRULI,2023-06-06,488.0,2023-06-16,537.5285714285714,9.599239369877047,10,TP,4543.8959481249985,True,2023-06
SUMICHEM,2023-05-29,399.6,2023-06-21,438.91428571428577,9.289904279279297,23,TP,4231.960155000008,True,2023-05
KBCGLOBAL,2023-06-14,3.5,2023-06-22,3.1785714285714284,-9.637187499999994,8,SL,-2527.4006078124985,True,2023-06
HAVELLS,2023-06-08,1345.0,2023-06-23,1296.5,-4.087315752788094,15,SL,-1044.5135406249974,True,2023-06
PRAJIND,2023-06-08,391.05,2023-06-26,369.2,-6.058993095512091,18,SL,-1871.8017075000025,True,2023-06
IPCALAB,2023-06-13,731.55,2023-06-26,698.3785714285714,-5.0111347908550385,13,SL,-1796.2888715625013,True,2023-06
SUNTV,2023-06-13,445.0,2023-06-26,425.8,-4.792435674157281,13,SL,-1535.496389999993,True,2023-06
ICRA,2023-05-30,4900.0,2023-06-30,5325.0,8.130781250000005,31,GAP_UP_TP,2788.8579687500023,True,2023-05
JYOTHYLAB,2023-05-12,208.55,2023-07-03,226.2214285714286,7.931783894749477,52,TP,2067.7169140625047,True,2023-05
BAJAJ-AUTO,2023-05-16,4583.5,2023-07-05,4870.599999999999,5.73311751390859,50,TP,1313.8872062500013,True,2023-05
GRINDWELL,2023-06-27,2255.75,2023-07-11,2143.5857142857144,-5.446916408068253,14,SL,-3071.7204218749903,True,2023-06
TATASTEEL,2023-03-08,105.3,2023-07-13,116.21428571428571,9.813808760683775,127,TP,2139.1257093750028,True,2023-03
ONGC,2023-06-01,154.7,2023-07-14,169.32857142857142,8.90949377828055,43,TP,3128.738020625002,True,2023-06
USHAMART,2023-06-13,279.7,2023-07-17,313.3142857142857,11.458588666428325,34,TP,3333.1659400000026,True,2023-06
DODLA,2023-07-04,594.0,2023-07-20,668.4,11.963329545454558,16,TP,4690.103715000005,True,2023-07
ICEMAKE,2023-07-20,488.7,2023-07-24,456.9428571428572,-6.965214088397774,4,SL,-2110.418077499995,True,2023-07
THERMAX,2023-07-03,2298.0,2023-07-25,2510.385714285714,8.696669957571794,22,TP,3797.1400368749964,True,2023-07
JISLJALEQS,2023-06-06,40.25,2023-07-26,46.807142857142864,15.710309782608716,50,TP,8334.240788125011,True,2023-06
EIDPARRY,2023-07-04,459.1,2023-07-26,495.1,7.302895747113938,22,TP,2581.6247668750075,True,2023-07
SKFINDIA,2023-07-18,5397.0,2023-07-26,5147.435714285714,-5.100413059338517,8,SL,-1651.6157568749986,True,2023-07
REMSONSIND,2023-07-25,241.0,2023-07-26,283.2,16.92355601659753,1,TP,4894.292400000006,True,2023-07
SUPREMEIND,2023-07-26,3760.85,2023-07-28,3531.042857142857,-6.57937136883948,2,SL,-2721.8431693749953,True,2023-07
AUBANK,2023-06-07,757.0,2023-07-31,716.0,-5.888444517833541,54,GAP_DOWN_SL,-2228.7762499999953,True,2023-06
HINDCOPPER,2023-07-18,123.5,2023-07-31,138.45714285714286,11.55119230769232,13,TP,3723.353572500004,True,2023-07
AMBUJACEM,2023-05-30,427.0,2023-08-03,471.6428571428571,9.90341700819674,65,TP,3086.994115625006,True,2023-05
ZYDUSWELL,2023-06-27,1495.0,2023-08-03,1436.8,-4.372911036789294,37,SL,-2157.375659999998,True,2023-06
POLYMED,2023-07-25,1151.9,2023-08-07,1387.1857142857143,19.82450348337531,13,TP,6394.0367575000055,True,2023-07
BAYERCROP,2023-06-22,4340.0,2023-08-08,4737.228571428571,8.607650604838701,47,TP,4109.292398749996,True,2023-06
TARC,2023-08-02,71.7,2023-08-10,83.44285714285715,15.796603033472827,8,TP,6331.32588562501,True,2023-08
NESTLEIND,2023-06-08,22460.0,2023-08-11,21819.757142857143,-3.335731386353506,64,SL,-749.2052693749974,True,2023-06
YUKEN,2023-06-27,646.0,2023-08-14,612.9642857142857,-5.5877251838235225,48,SL,-2562.866032812497,True,2023-06
CHAMBLFERT,2023-07-21,270.25,2023-08-14,260.32142857142856,-4.154875693802037,24,SL,-1134.0837078125005,True,2023-07
APOLLOHOSP,2023-08-08,5017.0,2023-08-14,4803.635714285715,-4.730963555162426,6,SL,-2136.1719740624903,True,2023-08
JKCEMENT,2023-06-07,3264.0,2023-08-16,3095.3714285714286,-5.63989223345586,70,SL,-2393.1190724999906,True,2023-06
JMFINANCIL,2023-06-20,75.0,2023-08-18,83.4857142857143,10.75841000000001,59,TP,5026.867072500005,True,2023-06
SBCL,2023-08-08,583.0,2023-08-18,510.3928571428571,-12.891237939536875,10,SL,-6839.188464062499,True,2023-08
EXIDEIND,2023-07-18,250.0,2023-08-23,272.4142857142857,8.421566749999993,36,TP,2442.254357499998,True,2023-07
DSSL,2023-08-23,715.0,2023-08-24,657.0142857142857,-8.568766346153815,1,SL,-4104.8675181249855,True,2023-08
AAVAS,2023-06-27,1477.0,2023-08-30,1640.5428571428572,10.517968601895756,64,TP,4194.460698750008,True,2023-06
PFC,2023-08-31,274.0,2023-09-01,256.8,-6.745399635036482,1,GAP_DOWN_SL,-1996.098659999996,True,2023-08
ULTRACEMCO,2023-08-16,8004.95,2023-09-04,8468.464285714286,5.262055255654341,19,TP,2527.3493531250133,True,2023-08
DMART,2023-08-25,3554.0,2023-09-04,3771.95,5.602527425084423,10,GAP_UP_TP,2389.365896250005,True,2023-08
INDUSTOWER,2023-07-07,165.9,2023-09-06,186.82857142857142,12.052800632911403,61,TP,3739.176498750003,True,2023-07
PRIMESECU,2023-08-21,144.75,2023-09-08,162.85,11.942499352331602,18,TP,6586.258536562498,True,2023-08
MARATHON,2023-08-25,366.8,2023-09-11,424.02857142857147,15.024830629771015,17,TP,5841.77434750001,True,2023-08
ELECON,2023-09-01,885.0,2023-09-11,834.1571428571428,-6.21564173728813,10,SL,-1650.2528812499986,True,2023-09
ASHOKLEY,2023-08-29,188.1,2023-09-12,179.44285714285712,-5.07880681818181,14,SL,-1604.9435849999973,True,2023-08
SWANENERGY,2023-09-05,305.0,2023-09-12,279.42857142857144,-8.841581967213106,7,SL,-2157.3459999999977,True,2023-09
SPANDANA,2023-08-01,838.0,2023-09-13,741.0,-12.016750447494015,43,GAP_DOWN_SL,-5337.119543749992,True,2023-08
CRAFTSMAN,2023-08-16,4790.8,2023-09-13,4542.614285714286,-5.653969991963762,28,SL,-2708.703943749999,True,2023-08
FINEORG,2023-09-12,5028.0,2023-09-13,4861.521428571428,-3.793870208084723,1,SL,-1144.5347643749992,True,2023-09
JBCHEPHARM,2023-08-31,2774.35,2023-09-18,1478.0,-46.9922959431939,18,GAP_DOWN_SL,-14341.038387499999,True,2023-08
STARHEALTH,2023-07-18,634.0,2023-09-22,599.5357142857142,-5.908236149447954,66,SL,-2322.4094656250018,True,2023-07
BERGEPAINT,2023-09-01,719.65,2023-09-22,626.8,-13.337050302230246,21,GAP_DOWN_SL,-2879.402474999999,True,2023-09
TTKPRESTIG,2023-09-13,809.0,2023-09-22,773.0785714285714,-4.917427649876384,9,SL,-1790.1895359374976,True,2023-09
LUPIN,2023-09-18,1145.5,2023-09-22,1102.2714285714285,-4.254302869925799,4,SL,-1072.1268662500006,True,2023-09
KEI,2023-08-22,2550.0,2023-09-25,2371.8785714285714,-7.449646948529412,34,SL,-3609.3539465625,True,2023-08
VENUSPIPES,2023-09-21,1509.0,2023-09-25,1420.0928571428572,-6.361744967693818,4,SL,-863.9885840624975,True,2023-09
HESTERBIO,2023-09-04,1727.95,2023-09-26,1658.142857142857,-4.519082945108348,22,SL,-1171.3124062499955,True,2023-09
UPL,2023-09-18,634.65,2023-09-27,610.8071428571428,-4.237465581422821,9,SL,-1183.2953137499971,True,2023-09
MARICO,2023-09-20,582.0,2023-09-28,562.2357142857143,-3.8783419780927724,8,SL,-880.3060621874974,True,2023-09
ICICISILVE,2023-09-22,74.0,2023-09-28,72.05142857142857,-3.119430067567534,6,SL,-740.989418249992,True,2023-09
MGL,2023-09-01,1023.75,2023-10-03,1094.3214285714287,6.359625000000019,32,TP,1497.4532015625045,True,2023-09
METROBRAND,2023-09-20,1099.95,2023-10-03,1263.6642857142858,14.31009247579437,13,TP,2518.461795000003,True,2023-09
TVSSRICHAK,2023-09-25,3001.0,2023-10-03,3385.6,12.252354548483856,8,TP,3309.2384400000046,True,2023-09
PRINCEPIPE,2023-09-20,717.55,2023-10-05,675.05,-6.392729557173696,15,SL,-1284.3888662499958,True,2023-09
UJJIVAN,2023-08-15,507.35,2023-10-06,591.1214285714286,15.929736067310554,52,TP,8970.966269062512,True,2023-08
MUTHOOTFIN,2023-09-01,1260.95,2023-10-09,1187.9357142857143,-6.260877884729756,38,SL,-1815.770412812497,True,2023-09
OIL,2023-09-15,285.0,2023-10-09,318.3285714285714,11.136462500000007,24,TP,3649.9755843750027,True,2023-09
MANORAMA,2023-09-27,2067.75,2023-10-09,2327.907142857143,12.019448993471183,12,TP,3230.918035312505,True,2023-09
NAM-INDIA,2023-07-31,320.6,2023-10-11,351.90000000000003,9.2148157751092,72,TP,4549.575703750015,True,2023-07
NETWORK18,2023-09-26,65.95,2023-10-12,77.25,16.549253695981804,16,TP,4453.006987500001,True,2023-09
DABUR,2023-10-18,538.15,2023-10-19,523.8214285714286,-3.1486397263773727,1,SL,-1236.9415421874874,True,2023-10
TATACOMM,2023-08-23,1786.85,2023-10-20,1699.7214285714285,-5.351123782774149,58,SL,-2294.7973274999968,True,2023-08
HDFCVALUE,2023-10-17,109.75,2023-10-20,105.06428571428572,-4.747498006833689,3,SL,-2099.7827621874894,True,2023-10
ABCAPITAL,2023-09-01,180.0,2023-10-23,172.05,-4.893985937499981,52,SL,-951.3908662499962,True,2023-09
ICICIM150,2023-10-20,153.03,2023-10-23,148.83285714285714,-3.2283715202901186,3,SL,-1432.7093118749908,True,2023-10
CHOLAFIN,2023-09-18,1230.0,2023-10-25,1157.9785714285713,-6.32553528963415,37,SL,-1945.102101562501,True,2023-09
KOTAKNV20,2023-10-17,118.0,2023-10-25,113.3,-4.462535487288135,8,SL,-2190.56942,True,2023-10
TCNSBRANDS,2023-05-10,406.4,2023-10-26,348.5571428571428,-14.661285525344486,169,SL,-4766.6771499999995,True,2023-05
SAPPHIRE,2023-07-07,1390.0,2023-10-26,1297.3,-7.135136106115112,111,SL,-2380.2814050000015,True,2023-07
MFSL,2023-09-06,924.0,2023-10-26,869.3857142857144,-6.380495738636349,50,SL,-1591.8060768749965,True,2023-09
QUESS,2023-09-12,428.15,2023-10-26,406.73571428571427,-5.4759832272568,44,SL,-1523.9524421874994,True,2023-09
HINDALCO,2023-10-02,478.0,2023-10-26,450.43571428571425,-6.237165075836809,24,SL,-1788.8189437499968,True,2023-10
ICICIAUTO,2023-10-18,167.59,2023-10-26,162.01285714285717,-3.8106059803687273,8,SL,-1366.6456363749894,True,2023-10
MANGLMCEM,2023-09-12,370.75,2023-11-03,422.5928571428571,13.414034811193524,52,TP,4127.800327187499,True,2023-09
OBEROIRLTY,2023-08-11,1096.8,2023-11-06,1244.4857142857143,12.89852878829322,87,TP,6366.197868750001,True,2023-08
AMBER,2023-08-29,2895.5,2023-11-06,3422.5285714285715,17.611373489034722,69,TP,6119.247832500005,True,2023-08
NEULANDLAB,2023-09-07,3736.35,2023-11-07,4465.678571428572,18.92296195652177,61,TP,4242.168534375007,True,2023-09
APOLLOTYRE,2023-09-21,369.05,2023-11-08,403.1214285714286,8.686720210676071,48,TP,1186.1586146875015,True,2023-09
SHAREINDIA,2023-11-09,1517.0,2023-11-13,1736.7142857142858,13.91177117666449,4,TP,8230.621181250011,True,2023-11
ONGC,2023-09-11,185.45,2023-11-15,198.80714285714282,6.667214714208688,65,TP,2126.668146250002,True,2023-09
MBLINFRA,2023-11-10,49.0,2023-11-17,43.67857142857142,-11.305200892857131,7,SL,-6176.596507812494,True,2023-11
ICICILIQ,2023-11-17,1000.0,2023-11-22,1001.52,-0.3481340500000003,5,TP,-201.91774900000019,True,2023-11
PFIZER,2023-06-20,3842.7,2023-11-23,4163.7,7.812411146459534,156,TP,3902.6978006250065,True,2023-06
CYIENT,2023-11-02,1643.8,2023-11-29,1976.142857142857,19.617623418299072,27,TP,12254.030762500006,True,2023-11
KOTAKSILVE,2023-10-10,69.2,2023-12-01,76.18,9.53695971820812,52,GAP_UP_TP,4877.086756375014,True,2023-10
APTUS,2023-10-17,290.45,2023-12-11,322.8,10.582894646238621,55,GAP_UP_TP,5748.009272500014,True,2023-10
CARBORUNIV,2023-11-20,1118.0,2023-12-12,1222.4000000000003,8.792096601073386,22,TP,4128.416880000019,True,2023-11
TRITURBINE,2023-12-05,433.0,2023-12-12,407.02857142857147,-6.4674428406466316,7,SL,-3192.45913499999,True,2023-12
APOLLOHOSP,2023-12-05,5610.0,2023-12-13,5378.078571428571,-4.612802289438505,8,SL,-2587.7820843750014,True,2023-12
DLF,2023-11-30,637.65,2023-12-14,682.9928571428571,6.576046665490481,14,TP,3983.555348437505,True,2023-11
HDFCNIFIT,2023-11-15,317.61,2023-12-15,348.45,9.162157303768776,30,TP,5412.586573125001,True,2023-11
RBLBANK,2023-12-07,253.0,2023-12-15,287.9142857142857,13.2318236166008,8,TP,4787.141466250003,True,2023-12
BALKRISIND,2023-12-12,2572.45,2023-12-20,2455.892857142857,-5.007726401387772,8,SL,-1932.318867187496,True,2023-12
MAXHEALTH,2023-12-15,704.35,2023-12-20,650.65,-8.085352940654504,5,SL,-2619.6624381250003,True,2023-12
NETWEB,2023-12-18,1298.7,2023-12-20,1170.8142857142857,-10.297410343035331,2,SL,-2674.6493624999966,True,2023-12
TIIL,2023-12-19,2700.05,2023-12-20,2503.4,-7.746202986981738,1,SL,-1673.2108300000036,True,2023-12
SHRIPISTON,2023-12-15,1020.0,2023-12-21,1216.65,18.683760202205914,6,GAP_UP_TP,7432.399808437513,True,2023-12
TIMESGTY,2023-12-19,114.0,2023-12-21,133.44285714285715,16.470593750000013,2,TP,3605.0835600000028,True,2023-12
PIDILITIND,2023-12-20,2662.0,2023-12-21,2565.1,-4.1213173600676125,1,GAP_DOWN_SL,-987.3852131249987,True,2023-12
POWERGRID,2023-09-20,198.7,2023-12-28,239.4285714285714,19.89578510317061,99,TP,3320.7657,True,2023-09
NTPC,2023-12-08,286.45,2023-12-28,313.6928571428571,8.963642324140338,20,TP,2644.6644040624997,True,2023-12
NRBBEARING,2023-09-07,270.0,2023-12-29,321.8857142857143,18.621591666666674,113,TP,3871.4289075000015,True,2023-09
HINDUNILVR,2023-12-08,2519.0,2023-12-29,2652.114285714286,4.758645891226695,21,TP,1438.4434800000054,True,2023-12
NEXT50,2023-12-08,518.83,2023-12-29,538.6757142857143,3.306613425881323,21,TP,874.9408243125035,True,2023-12
EIFFL,2023-10-31,141.1,2024-01-01,160.0142857142857,12.838564404677541,62,TP,9057.607187500005,True,2023-10
ZYDUSLIFE,2023-12-15,647.0,2024-01-01,703.0857142857143,8.125916537867095,17,TP,2944.182080000006,True,2023-12
LUPIN,2023-12-07,1246.05,2024-01-02,1364.7357142857145,8.978015754785124,26,TP,3579.8580900000015,True,2023-12
AUROPHARMA,2023-12-13,1014.7,2024-01-02,1109.314285714286,8.778421947373635,20,TP,2494.090130000008,True,2023-12
VSTIND,2023-12-19,3380.0,2024-01-02,3619.5714285714284,6.553141826923088,14,TP,1107.480968750002,True,2023-12
TINPLATE,2023-12-21,414.0,2024-01-02,458.1857142857143,10.12020516304351,12,TP,3351.8119500000103,True,2023-12
GSPL,2023-12-25,292.1,2024-01-02,328.7142857142857,11.97287529955495,8,TP,2622.9576562500006,True,2023-12
UBL,2023-12-20,1698.95,2024-01-03,1829.2785714285715,7.133441923688176,14,TP,2060.291396562505,True,2023-12
PIDILITIND,2023-12-21,2565.1,2024-01-03,2760.642857142857,7.0857626164671945,13,TP,1999.325865625,True,2023-12
INDUSINDBK,2023-11-08,1493.95,2024-01-04,1623.6071428571431,8.136099246126062,57,TP,5955.913479687515,True,2023-11
NESTLEIND,2024-01-01,26650.0,2024-01-05,2754.0,-89.71764648217636,4,GAP_DOWN_SL,-23909.7527875,True,2024-01
ATUL,2024-01-01,7198.0,2024-01-08,6905.864285714286,-4.537675382918853,7,SL,-1306.4874962499962,True,2024-01
HDFCAMC,2023-12-29,3215.0,2024-01-11,3528.4428571428566,9.201328013219264,13,TP,2958.2269562499932,True,2023-12
ABBOTINDIA,2024-01-05,23569.8,2024-01-11,25213.042857142857,6.437624521103298,6,TP,1517.335224375005,True,2024-01
BHARATRAS,2023-12-14,9025.0,2024-01-15,9809.042857142858,8.144697500000026,32,TP,2205.1768481250074,True,2023-12
ICICIPRULI,2024-01-08,541.0,2024-01-15,523.3428571428572,-3.7468736136783636,7,SL,-1500.023382499996,True,2024-01
RAMCOCEM,2023-11-08,1003.4,2024-01-17,953.3928571428571,-5.458256770729506,70,SL,-3669.4659453124914,True,2023-11
MARSHALL,2024-01-05,48.8,2024-01-18,42.68571428571428,-12.966080942622943,13,SL,-5422.622507499997,True,2024-01
AUTOAXLES,2024-01-16,2248.0,2024-01-18,2159.135714285714,-4.432672139123653,2,SL,-1195.7576362499967,True,2024-01
NEULANDLAB,2023-12-12,5064.75,2024-01-19,5926.335714285714,16.427090681919136,38,TP,5823.937527187496,True,2023-12
KOTAKALPHA,2024-01-09,41.37,2024-01-22,44.32428571428571,6.606094543147211,13,TP,2404.9883550000013,True,2024-01
FILATEX,2024-01-12,51.5,2024-01-22,60.94285714285715,17.744706310679646,10,TP,5208.95853750001,True,2024-01
DABUR,2023-12-29,544.75,2024-01-23,528.2714285714286,-3.5092477053694227,25,SL,-1051.414478124996,True,2023-12
PIDILITIND,2024-01-16,2751.1,2024-01-23,2651.292857142857,-4.1091576664788345,7,SL,-904.3762924999937,True,2024-01
NAVKARCORP,2024-01-16,120.3,2024-01-24,106.5142857142857,-11.901596009975062,8,SL,-2949.42972,True,2024-01
HDFCLIFE,2024-01-18,608.0,2024-01-24,581.6642857142857,-4.809276367187486,6,SL,-1549.7412165624955,True,2024-01
PHOENIXLTD,2024-01-22,2562.8,2024-01-24,2321.2428571428572,-9.877823059739336,2,SL,-3290.9350418749964,True,2024-01
GRINDWELL,2023-12-15,2200.0,2024-01-25,2420.714285714286,9.482992897727275,41,TP,2712.1359687500008,True,2023-12
SBILIFE,2023-12-22,1414.0,2024-01-25,1359.5142857142857,-4.333436262376232,34,SL,-1164.2209862499985,True,2023-12
CROMPTON,2024-01-01,313.5,2024-01-30,297.48571428571427,-5.582090909090917,29,SL,-2029.983180000003,True,2024-01
KOTAKPSUBK,2024-01-10,565.08,2024-01-31,632.05,11.292861243098313,21,GAP_UP_TP,3637.3809178124975,True,2024-01
SDL24BEES,2023-12-12,117.5,2024-02-01,119.12571428571428,0.8773023404255311,51,TP,283.47831874999974,True,2023-12
CANBK,2023-12-29,442.0,2024-02-01,489.85714285714283,10.273963518099551,34,TP,2770.066043750001,True,2023-12
KSCL,2024-01-11,660.15,2024-02-01,750.05,13.050736622358583,21,GAP_UP_TP,4221.567452812509,True,2024-01
NMDC,2024-01-25,213.7,2024-02-05,246.04285714285714,14.559747601778211,11,TP,6907.348098750008,True,2024-01
SPENCERS,2024-02-01,131.75,2024-02-05,114.24285714285715,-13.721171252371908,4,SL,-6887.582030624995,True,2024-02
BANDHANBNK,2024-01-10,234.9,2024-02-07,216.71428571428572,-8.202610153256702,28,SL,-2408.4914062499993,True,2024-01
SUMICHEM,2024-01-04,410.0,2024-02-08,387.3214285714286,-6.003111661585347,35,SL,-2928.918179687491,True,2024-01
BRITANNIA,2024-01-25,5150.0,2024-02-08,4897.392857142857,-5.379873756067964,14,SL,-2216.507987500001,True,2024-01
ELECTCAST,2024-02-08,198.8,2024-02-09,178.9857142857143,-10.416547095070417,1,SL,-4762.861993749997,True,2024-02
CERA,2024-01-02,7901.05,2024-02-12,7608.964285714286,-4.177710300371467,41,SL,-1650.4148984374988,True,2024-01
GSPL,2024-02-09,400.0,2024-02-12,358.95714285714286,-10.708849843749993,3,SL,-4840.400129374997,True,2024-02
VINDHYATEL,2024-02-07,2780.0,2024-02-13,2585.6857142857143,-7.454192580935224,6,SL,-3730.0779674999867,True,2024-02
SARVESHWAR,2024-02-07,10.15,2024-02-13,9.214285714285715,-9.672198275862053,6,SL,-4535.583937499992,True,2024-02
PHOENIXLTD,2024-02-08,2760.3,2024-02-13,2469.2928571428574,-10.989319061786752,5,SL,-5460.087133124995,True,2024-02
MCLEODRUSS,2023-12-22,30.0,2024-02-14,25.957142857142856,-13.908268749999985,54,SL,-3408.916670624996,True,2023-12
VBL,2024-01-22,1285.0,2024-02-14,1422.9714285714285,10.184082879377444,23,TP,3140.771160000004,True,2024-01
MCDOWELL-N,2023-11-17,1044.95,2024-02-15,1146.8642857142859,9.204950685439504,90,TP,4809.356609375005,True,2023-11
ICRA,2023-12-05,5480.25,2024-02-19,5988.107142857143,8.721391046257022,76,TP,4779.540328125004,True,2023-12
SUNPHARMA,2024-02-01,1427.0,2024-02-27,1584.9571428571428,10.51452439558514,26,TP,5701.6059987499975,True,2024-02
HNDFDS,2024-02-13,545.7,2024-02-27,516.6714285714286,-5.792321673996708,14,SL,-2908.000342500003,True,2024-02
ABFRL,2024-02-15,245.3,2024-02-27,224.39285714285717,-8.979904071545036,12,SL,-5066.372078124994,True,2024-02
INDIAMART,2024-02-21,2784.1,2024-02-28,2650.3142857142857,-5.280727030279066,7,SL,-2646.37298249999,True,2024-02
STARHEALTH,2024-01-15,555.75,2024-03-01,533.5071428571429,-4.481701923076908,46,SL,-1369.8882140624955,True,2024-01
TIJARIA,2024-02-23,9.1,2024-03-01,11.55,26.289254807692323,7,GAP_UP_TP,11076.451728125008,True,2024-02
MANINFRA,2024-01-02,218.25,2024-03-04,200.60000000000002,-8.546046391752574,62,SL,-3301.3590862499987,True,2024-01
TIMKEN,2024-02-13,2820.05,2024-03-06,2576.4428571428575,-9.094635002038947,22,SL,-5385.938341874986,True,2024-02
KIRLOSIND,2024-02-28,4380.0,2024-03-06,4103.314285714286,-6.784854794520537,7,SL,-3863.296319999994,True,2024-02
GPTINFRA,2024-03-05,192.1,2024-03-06,165.74285714285713,-14.151390551795922,1,SL,-7611.74994999999,True,2024-03
GOCOLORS,2024-02-16,1197.0,2024-03-07,1083.6857142857143,-9.918624999999977,20,SL,-4986.489532499989,True,2024-02
POWERINDIA,2024-01-18,5863.0,2024-03-11,6683.342857142857,13.422614936892357,53,TP,3934.839568749994,True,2024-01
NEWGEN,2024-03-01,861.85,2024-03-12,730.5,-15.66373897720021,11,SL,-8639.8678,True,2024-03
GRINDWELL,2024-03-06,2079.0,2024-03-12,1974.357142857143,-5.50756628787877,6,SL,-3435.0690937499894,True,2024-03
ASTRAZEN,2024-03-06,5470.0,2024-03-12,5229.092857142858,-4.881534283592308,6,SL,-2670.1992531249925,True,2024-03
ISEC,2024-02-21,805.0,2024-03-13,741.5142857142857,-8.346416304347814,21,SL,-3896.941772499995,True,2024-02
CIEINDIA,2024-03-07,445.7,2024-03-13,416.01428571428573,-7.126584165357837,6,SL,-4002.1613887499843,True,2024-03
KOTAKLOVOL,2024-03-07,18.67,2024-03-13,17.684285714285718,-5.75267909748256,6,SL,-2932.088761874984,True,2024-03
INDUSINDBK,2024-03-11,1566.1,2024-03-13,1496.9499999999998,-4.892752318657799,2,SL,-2145.5110337499937,True,2024-03
CANFINHOME,2023-12-12,762.8,2024-03-15,711.4857142857143,-7.192877228631346,94,SL,-1865.4870949999968,True,2023-12
CROMPTON,2024-02-13,285.1,2024-03-18,270.1571428571429,-5.714470142055418,34,SL,-3193.2230574999994,True,2024-02
CARBORUNIV,2024-02-29,1050.1,2024-03-22,1181.5142857142857,11.952585349014406,22,TP,6275.704937500013,True,2024-02
PFIZER,2024-03-12,4448.0,2024-03-26,3950.0,-11.639507924910072,14,GAP_DOWN_SL,-6212.703750000001,True,2024-03
HDFCBANK,2024-03-11,1430.0,2024-04-04,1513.1285714285714,5.284782211538474,24,TP,2569.461111250006,True,2024-03
VEDL,2024-04-04,306.05,2024-04-10,347.0,12.813974432282313,6,GAP_UP_TP,5843.358143750003,True,2024-04
CROMPTON,2024-03-25,268.75,2024-04-12,300.9928571428571,11.438055465116262,18,TP,6455.352553124991,True,2024-03
HINDUNILVR,2024-03-19,2283.25,2024-04-15,2217.9,-3.347230400744515,27,SL,-2292.7691437499743,True,2024-03
MAPMYINDIA,2024-04-04,1898.0,2024-04-15,1768.0642857142857,-7.311116191385661,11,SL,-2914.0646915624966,True,2024-04
ADANIPORTS,2024-04-09,1356.15,2024-04-19,1280.0,-6.086494856763637,10,GAP_DOWN_SL,-1981.0080000000016,True,2024-04
HINDALCO,2024-04-04,590.0,2024-04-25,643.5,8.523139300847458,21,TP,4274.354359375,True,2024-04
TRENT,2024-04-08,3932.6,2024-04-25,4337.8,9.752787246351042,17,TP,3451.8430012500103,True,2024-04
CGPOWER,2024-03-20,482.1,2024-04-26,563.6857142857143,16.339101586807743,37,TP,9137.413815000014,True,2024-03
COROMANDEL,2024-03-15,1090.25,2024-05-02,1214.307142857143,10.82258166131624,48,TP,7669.55777656252,True,2024-03
UTKARSHBNK,2024-04-29,61.7,2024-05-02,56.37857142857143,-9.080987135332244,3,SL,-4314.286178124996,True,2024-04
PRESTIGE,2024-04-23,1251.95,2024-05-06,1482.0,17.784197651663423,13,GAP_UP_TP,6902.127137500007,True,2024-04
CENTURYTEX,2024-04-30,2006.5,2024-05-07,1828.3642857142856,-9.332973258783946,7,SL,-3558.0560603124977,True,2024-04
ELGIEQUIP,2024-05-07,666.5,2024-05-09,624.8142857142857,-6.722562734433611,2,SL,-2464.323434375001,True,2024-05
INDOCO,2024-05-07,337.0,2024-05-10,319.4142857142857,-5.691628894658744,3,SL,-2340.056303749996,True,2024-05
THERMAX,2024-04-02,4302.25,2024-05-15,5015.921428571429,16.00611705357663,43,TP,8263.478051250007,True,2024-04
M&M,2024-04-30,2073.05,2024-05-15,2295.8785714285714,10.195775683775109,15,TP,4227.270556249998,True,2024-04
POKARNA,2024-04-09,466.0,2024-05-21,535.1,14.254902226394863,42,TP,4251.382040000004,True,2024-04
ADANIENT,2024-05-14,2894.95,2024-05-23,3222.8642857142854,10.77117418910516,9,TP,3741.841286249997,True,2024-05
JYOTICNC,2024-04-24,824.0,2024-05-29,986.5285714285715,19.126467763956335,35,TP,6619.287963750008,True,2024-04
PRINCEPIPE,2024-05-14,643.35,2024-05-29,610.75,-5.541296776637891,15,SL,-1853.7965062499934,True,2024-05
MARKSANS,2024-04-17,159.0,2024-05-30,145.57857142857142,-8.898372051886792,43,SL,-3919.1100028125,True,2024-04
ANGELONE,2024-05-16,2702.0,2024-05-30,2474.885714285714,-8.86281444300518,14,SL,-3113.152201249999,True,2024-05
DMART,2024-05-06,4620.0,2024-05-31,4361.728571428572,-6.061749147727255,25,SL,-3080.580916874991,True,2024-05
IPCALAB,2024-05-15,1295.0,2024-05-31,1222.392857142857,-6.078105574324312,16,SL,-2440.055482812495,True,2024-05
AKG,2024-05-29,22.2,2024-06-03,19.635714285714286,-11.992529560810796,5,SL,-4829.487594374994,True,2024-05
JUBLPHARMA,2024-05-07,684.9,2024-06-04,632.8857142857142,-8.05588534822603,28,SL,-3972.5826300000044,True,2024-05
OFSS,2024-05-07,7725.0,2024-06-04,7214.407142857142,-7.0759845024271835,28,SL,-2733.0990140625,True,2024-05
KPRMILL,2024-05-28,803.3,2024-06-04,747.7071428571428,-7.385375287874986,7,SL,-2669.7023859374895,True,2024-05
GILLETTE,2024-06-03,7200.15,2024-06-04,6802.407142857142,-5.995880333222225,1,SL,-2590.2742668749997,True,2024-06
COLPAL,2024-04-18,2702.0,2024-06-05,3005.9714285714285,10.694313795336779,48,TP,4045.4450224999964,True,2024-04
JYOTICNC,2024-06-03,1047.8,2024-06-05,920.5,-12.587969734204993,2,GAP_DOWN_SL,-5275.869874999997,True,2024-06
INDUSINDBK,2024-06-04,1509.95,2024-06-05,1400.5,-7.711761771912971,1,GAP_DOWN_SL,-4075.5311406249966,True,2024-06
CERA,2024-06-04,7159.9,2024-06-05,6864.164285714285,-4.609193350291197,1,SL,-1980.0818081249963,True,2024-06
INFRABEES,2024-06-04,950.0,2024-06-05,906.2328571428571,-5.083436124999989,1,SL,-2221.461586624995,True,2024-06
NATCOPHARM,2024-06-06,1023.8,2024-06-11,1162.8,13.009695985544067,5,TP,7059.243177500008,True,2024-06
M&M,2024-05-24,2589.8,2024-06-14,2889.3714285714286,11.010218163564742,21,TP,4277.139449999995,True,2024-05
PRAJIND,2024-06-10,594.0,2024-06-14,706.7285714285714,18.383728219696984,4,TP,6551.960737500005,True,2024-06
PHOENIXLTD,2024-05-31,3100.0,2024-06-18,3670.385714285714,17.808281471774198,18,TP,8280.850884375002,True,2024-05
JUNIORBEES,2024-04-16,674.15,2024-06-21,785.75,15.972136903878981,66,GAP_UP_TP,7752.683587500011,True,2024-04
SHARDAMOTR,2024-06-17,1761.95,2024-06-26,2058.364285714286,16.239696305939468,9,TP,3147.488619687505,True,2024-06
WESTLIFE,2024-04-02,795.6,2024-06-27,902.0,12.807395361990942,86,TP,6419.425162499996,True,2024-04
MANAPPURAM,2024-06-07,178.5,2024-06-27,206.0142857142857,14.8378161764706,20,TP,6541.918963125005,True,2024-06
POWERINDIA,2024-06-17,10830.85,2024-07-01,13324.092857142858,22.405496045439666,14,TP,2426.705668437502,True,2024-06
THEJO,2024-06-20,2922.45,2024-07-03,3593.9071428571424,22.361719415644394,13,TP,5228.080552499996,True,2024-06
WELCORP,2024-06-25,518.0,2024-07-03,596.2571428571429,14.5327381756757,8,TP,2935.903766250005,True,2024-06
OMAXE,2024-06-28,107.41,2024-07-03,129.25857142857143,19.74032812354533,5,TP,4070.9925960000073,True,2024-06
TIINDIA,2024-02-07,3600.0,2024-07-04,4416.5142857142855,22.068314375,148,TP,12711.34908,True,2024-02
INFY,2024-06-10,1525.3,2024-07-04,1656.3857142857144,8.051802145479614,24,TP,3193.167591250014,True,2024-06
MEDPLUS,2024-06-27,689.95,2024-07-05,666.2142857142858,-3.9224033444452453,8,SL,-1082.5048749999987,True,2024-06
ICICIPRULI,2024-06-14,599.0,2024-07-10,671.1285714285715,11.481990505008364,26,TP,3232.524786875005,True,2024-06
KPIL,2024-06-28,1174.05,2024-07-10,1355.007142857143,14.836725517439667,12,TP,3658.0020946875084,True,2024-06
MARUTI,2024-07-03,12115.0,2024-07-10,13012.985714285714,6.875791307263744,7,TP,833.0021168750027,True,2024-07
DRREDDY,2024-06-12,6060.0,2024-07-11,6616.085714285714,8.63113261138614,29,TP,2092.1865450000005,True,2024-06
DELHIVERY,2024-06-28,399.65,2024-07-11,378.34999999999997,-5.802423448642557,13,SL,-1321.7949628124989,True,2024-06
MPHASIS,2024-06-11,2400.0,2024-07-15,2745.971428571428,13.84411390624999,34,TP,4651.622272499997,True,2024-06
DELHIVERY,2024-07-11,389.95,2024-07-15,374.12142857142857,-4.53823318694703,4,SL,-1415.7472249999955,True,2024-07
MAXESTATES,2024-06-25,475.0,2024-07-18,571.3285714285714,19.679052500000008,23,TP,4393.348470625002,True,2024-06
INFY,2024-07-05,1651.45,2024-07-18,1763.1785714285716,6.232323015380435,13,TP,1852.6265718750037,True,2024-07
BEL,2024-07-09,338.0,2024-07-18,319.64285714285717,-5.903360761834305,9,SL,-1496.5019531249964,True,2024-07
JSWSTEEL,2024-07-03,939.5,2024-07-19,900.7428571428571,-4.604068919638102,16,SL,-1038.1254599999993,True,2024-07
APARINDS,2024-06-25,8571.85,2024-07-22,7759.65,-9.927259018619077,27,GAP_DOWN_SL,-2552.8492565624983,True,2024-06
JINDALSTEL,2024-06-11,1010.0,2024-07-23,928.0785714285714,-8.569903063118797,42,SL,-2683.2366490624954,True,2024-06
ZENSARTECH,2024-07-15,778.0,2024-07-23,728.1785714285714,-6.871178703406168,8,SL,-2191.7685828124995,True,2024-07
SUNPHARMA,2024-06-27,1525.0,2024-07-24,1620.4285714285713,5.726987295081963,27,TP,1746.7311249999984,True,2024-06
MFSL,2024-07-02,994.75,2024-07-24,1081.45,8.172858412917845,22,TP,1463.3911631250048,True,2024-07
JYOTHYLAB,2024-06-06,450.0,2024-07-25,535.0857142857143,18.314140000000016,49,TP,8983.085670000008,True,2024-06
APLAPOLLO,2024-07-16,1555.0,2024-07-25,1458.992857142857,-6.642635912379418,9,SL,-1859.273791874999,True,2024-07
EIDPARRY,2024-06-14,727.95,2024-07-29,853.3214285714287,16.637152920873692,45,TP,4238.855414062502,True,2024-06
PITTIENG,2024-07-04,1110.0,2024-07-29,1245.4571428571428,11.64303074324325,25,TP,3618.6539550000016,True,2024-07
ZYDUSWELL,2024-07-11,2155.0,2024-07-30,2462.614285714286,13.703786803944345,19,TP,4725.06569000001,True,2024-07
SJS,2024-07-02,815.0,2024-08-02,927.3142857142858,13.21270061349695,31,TP,2584.4042400000035,True,2024-07
MSPL,2024-07-30,30.47,2024-08-02,35.19571428571428,14.932575278962922,3,TP,7348.178435312504,True,2024-07
MAHSCOOTER,2024-07-31,9413.4,2024-08-02,9101.72857142857,-3.79377467891516,2,SL,-1428.4927424999987,True,2024-07
ESCORTS,2024-07-16,3990.6,2024-08-05,3768.9357142857143,-6.02629700890842,20,SL,-1202.4270421874971,True,2024-07
EMAMILTD,2024-08-02,824.0,2024-08-05,757.7285714285714,-8.501861119538837,3,SL,-3012.3794318750006,True,2024-08
WONDERLA,2024-05-30,851.0,2024-08-06,776.4357142857143,-9.217580677144522,68,SL,-4000.5221896874937,True,2024-05
URAVI,2024-07-17,613.0,2024-08-06,529.8285714285714,-13.999553017944539,20,SL,-3003.6041000000005,True,2024-07
GMMPFAUDLR,2024-07-24,1409.6,2024-08-08,1330.2714285714285,-6.099007830235538,15,SL,-2321.2335881250037,True,2024-07
BIKAJI,2024-06-14,716.9,2024-08-09,859.6428571428572,19.312319099595502,56,TP,6091.8006875000065,True,2024-06
BHARATRAS,2024-07-18,10999.95,2024-08-09,12612.464285714288,14.086707595830006,22,TP,3099.0615843750056,True,2024-07
BALKRISIND,2024-07-16,3159.3,2024-08-12,2974.05,-6.333734124252197,27,GAP_DOWN_SL,-1600.8132974999971,True,2024-07
HEXATRADEX,2024-07-31,224.13,2024-08-13,268.39,19.149479069067077,13,GAP_UP_TP,6223.360478437506,True,2024-07
VSTTILLERS,2024-06-25,4191.0,2024-08-14,3829.15,-9.090236645490311,50,SL,-1904.8590890624946,True,2024-06
GLENMARK,2024-07-11,1392.0,2024-08-16,1533.157142857143,9.590584725215534,36,TP,2670.0187875000047,True,2024-07
ICICIGI,2024-07-25,1902.0,2024-08-20,2075.2571428571428,8.56434424290221,26,TP,3583.664205000001,True,2024-07
LTTS,2024-06-12,4935.65,2024-08-22,5489.792857142857,10.671911583327459,71,TP,2633.6410203125088,True,2024-06
GODREJIND,2024-07-09,909.0,2024-08-27,1020.3714285714286,11.691523514851507,49,TP,3294.5544112500065,True,2024-07
UNOMINDA,2024-07-19,992.8,2024-09-02,1196.5714285714287,19.923050966962176,45,TP,5538.289400000012,True,2024-07
HEALTHADD,2024-08-27,142.56,2024-09-04,148.3457142857143,3.5387997159091085,8,TP,1135.1053968750057,True,2024-08
MUTHOOTFIN,2024-06-11,1761.0,2024-09-05,2007.2428571428572,13.413923232538345,86,TP,4960.602950625005,True,2024-06
GMRINFRA,2024-08-26,96.34,2024-09-09,90.56857142857143,-6.460146745899937,14,SL,-2333.889515625,True,2024-08
LAURUSLABS,2024-08-08,434.0,2024-09-10,505.88571428571424,15.981439516129022,33,TP,6311.709722499996,True,2024-08
RRKABEL,2024-09-11,1574.65,2024-09-12,1728.0357142857144,9.192921343631935,1,TP,2171.345039062504,True,2024-09
ZAGGLE,2024-08-20,359.9,2024-09-17,462.61428571428564,27.897778723256444,28,TP,11446.068041249993,True,2024-08
BRITANNIA,2024-08-13,5678.95,2024-09-19,6220.692857142856,8.992476992886024,37,TP,3574.747905312506,True,2024-08
LEMONTREE,2024-08-30,134.8,2024-09-19,125.60142857142858,-7.289164363872386,20,SL,-1719.513873437496,True,2024-08
ZOMATO,2024-09-06,255.0,2024-09-20,292.6771428571428,14.20219073529411,14,TP,3802.6365693749976,True,2024-09
EASEMYTRIP,2024-09-23,41.68,2024-09-25,37.994285714285716,-9.298100407869478,2,SL,-3677.8003892499983,True,2024-09
HNGSNGBEES,2024-05-09,289.84,2024-09-30,338.0885714285714,16.06411869479715,144,TP,5866.590444750007,True,2024-05
BAJAJCON,2024-08-06,265.0,2024-09-30,244.47857142857146,-8.204639033018847,55,SL,-3283.0863090624916,True,2024-08
REPRO,2024-08-27,645.0,2024-09-30,586.05,-9.593269331395359,34,SL,-3403.2122953125036,True,2024-08
TATACONSUM,2024-08-01,1188.95,2024-10-04,1129.2214285714285,-5.497928503090943,64,SL,-1438.087660624995,True,2024-08
ELECTCAST,2024-09-10,221.9,2024-10-04,202.11857142857144,-9.369426853312286,24,SL,-2536.472498874995,True,2024-09
VADILALIND,2024-09-24,4130.25,2024-10-07,3748.9928571428572,-9.684127496822196,13,SL,-3199.8294074999903,True,2024-09
NSIL,2024-10-03,5100.0,2024-10-07,4726.621428571429,-7.78396347426468,4,SL,-3175.8570974999893,True,2024-10
BRIGADE,2024-10-08,1389.0,2024-10-11,1297.7642857142857,-7.035019775917917,3,SL,-3224.6420146874952,True,2024-10
YAARI,2024-07-31,9.79,2024-10-16,14.86,51.02954928498469,77,GAP_UP_TP,18474.442051750004,True,2024-07
ICICIGI,2024-09-02,2142.0,2024-10-17,2045.05,-5.002916360294116,45,SL,-1178.7871528124997,True,2024-09
CHOLAFIN,2024-09-05,1519.05,2024-10-18,1437.2499999999998,-5.857428470919338,43,SL,-1690.5680765625038,True,2024-09
CEATLTD,2024-09-06,2893.0,2024-10-18,2697.071428571429,-7.238059864327677,42,SL,-1675.1765749999977,True,2024-09
INDUSINDBK,2024-06-05,1400.5,2024-10-21,1317.3999999999999,-6.403339253837928,138,SL,-3856.186948750008,True,2024-06
JSWISPL,2023-07-11,37.7,2024-10-21,37.7,-0.49937499999997415,468,EOD,-166.4257074999914,True,2023-07
ICICIBANKN,2023-12-06,47.9,2024-10-21,47.9,-0.49937499999997587,320,EOD,-223.1741831249892,True,2023-12
ICICIBANKP,2023-12-12,244.1,2024-10-21,244.1,-0.4993749999999863,314,EOD,-145.057950624996,True,2023-12
V2RETAIL,2024-01-12,346.0,2024-10-21,346.0,-0.4993749999999879,283,EOD,-131.31564999999682,True,2024-01
TATAMETALI,2024-01-19,1037.0,2024-10-21,1037.0,-0.49937499999999374,276,EOD,-150.17704374999812,True,2024-01
SAH,2024-03-19,91.75,2024-10-21,92.51,0.3248263623978426,216,EOD,203.25522387501405,True,2024-03
BBL,2024-06-17,4849.9,2024-10-21,4738.55,-2.783833358677486,126,EOD,-540.0525362499975,True,2024-06
JYOTICNC,2024-07-30,1140.05,2024-10-21,1082.9,-5.487279669751309,83,EOD,-2377.193811249992,True,2024-07
SOLARINDS,2024-08-01,10849.0,2024-10-21,11264.9,3.3150143388791644,81,EOD,719.291811250001,True,2024-08
TATVA,2024-08-02,993.95,2024-10-21,965.85,-3.312361128577891,80,EOD,-1053.5428299999985,True,2024-08
MANORG,2024-08-12,489.8,2024-10-21,489.8,-0.49937499999998236,70,EOD,-220.13448749999225,True,2024-08
CHEMPLASTS,2024-08-15,502.0,2024-10-21,477.1,-5.434764566733044,67,EOD,-2264.44900437499,True,2024-08
PRUDENT,2024-08-19,2541.0,2024-10-21,2681.65,5.008205836776886,63,EOD,2036.1361650000108,True,2024-08
MOGSEC,2024-08-20,56.87,2024-10-21,57.69,0.9353095876560781,62,EOD,347.33759731250757,True,2024-08
SKFINDIA,2024-08-29,5216.0,2024-10-21,5305.3,1.2041153781633596,53,EOD,314.03329062500416,True,2024-08
TATAMTRDVR,2024-08-29,745.8,2024-10-21,745.8,-0.49937499999999774,53,EOD,-130.3518562499994,True,2024-08
ANANDRATHI,2024-09-10,3848.8,2024-10-21,4144.4,7.142587364892951,41,EOD,1924.3273174999995,True,2024-09
GRANULES,2024-09-27,546.2,2024-10-21,590.8,7.6253556389600785,24,EOD,2707.2300124999965,True,2024-09
SBIN,2024-10-07,800.0,2024-10-21,813.95,1.2356671484375266,14,EOD,622.7762428125134,True,2024-10
TTKHLTCARE,2024-10-08,1586.95,2024-10-21,1625.5,1.9176823072560731,13,EOD,791.2491437500066,True,2024-10
BOSCHLTD,2024-10-08,36700.2,2024-10-21,36839.15,-0.12265738418995968,13,EOD,-45.01550531248358,True,2024-10
SPCENET,2024-10-09,23.27,2024-10-21,25.28,8.095221314997868,12,EOD,2723.9140680000055,True,2024-10
AIIL,2024-10-10,1829.9,2024-10-21,1867.85,1.5641523614678359,11,EOD,457.9587849999989,True,2024-10
AJANTPHARM,2024-10-10,3330.05,2024-10-21,3140.3,-6.169032690950574,11,EOD,-1643.4549849999967,True,2024-10
JBCHEPHARM,2024-10-11,1822.0,2024-10-21,1906.05,4.090651087403973,10,EOD,1117.9749421875058,True,2024-10
PIDILITIND,2024-10-18,3154.45,2024-10-21,3153.5,-0.5293407923726439,3,EOD,-200.37348749998637,True,2024-10
