DATE,SYMBOL,ISIN,EXCHANGE,CLOSE,DELIV_PER,DELIVERY_TURNOVER,ATW,EVER_100_DELIV,DELIV_PER_1W,DELIV_PER_1M,DELIV_PER_3M,DELIVERY_TURNOVER_1W,DELIVERY_TURNOVER_1M,DELIVERY_TURNOVER_3M,ATW_1W,ATW_1M,ATW_3M,MOMENTUM_RAW,FOOTPRINT_RAW,STABILITY_RAW,HASMOMENTUMDATA,HASFOOTPRINTDATA,HASSTABILITYHISTORY20D,MOMENTUM_SCORE,FOOTPRINT_SCORE,STABILITY_SCORE,TRIGGER_COUNT_30D,AI_SCORE,COMBINED_SCORE,SIS,Whale_Density,Implied_Trades,AI_WIN_PROBABILITY,CHANDELIER_EXIT,REC_POS_SIZE_INR,ENTRY_PRICE,ATR14,STOP_LOSS,TAKE_PROFIT
2026-08-31,GROWW,,NSE,192.06,66.41,30036522681.0,97757.58200024626,,,,,,,,,,,0.0,0.0,0.0,,,,0.03741496598639456,0.03741496598639456,0.03741496598639456,1,0.22993197278911565,0,0.03741496598639449,0.3254623813764038,307255.172094215,92.23025610819623,,100000.0,192.0599975585937,5.804999215262277,180.4499991280692,215.2799944196429
2026-08-27,ETERNAL,,NSE,322.1,59.76,2994541797.2000003,44951.83043241295,,59.09599999999999,60.06863636363635,54.10636363636364,3110290842.7,8022325556.515909,5841455946.287879,39990.40385077168,67824.54599492568,56557.4872328724,1.1044911537879933,0.5126362031546207,0.7947989317015838,,,,0.6802721088435374,0.4489795918367347,0.564625850340136,1,0.6517006802721088,0,0.550957348903639,1.5011254968771668,66616.68208822832,77.6706499120849,,,328.5,7.0500030517578125,314.3999938964844,356.70001220703125
2026-09-03,SHINDL,,NSE,161.98,48.73,24142633.06,77189.408,,26.354,36.27,20.46681818181818,13266042.494,12011259.552272728,5829275.249696969,40921.51619410187,40976.24136118585,30922.659919435984,2.380926999355942,4.141618301735715,2.4962085474245934,,,,1.0,0.9591836734693877,0.9523809523809523,1,0.9673469387755103,2,0.9638613635355802,319.7224089359539,312.7713203863411,69.90380697478572,,100000.0,159.35000610351562,6.9684600830078125,145.4130859375,187.22384643554688
2026-08-31,KNRCON,,NSE,123.68,48.34,168804153.28,14166.726317578376,,43.370000000000005,50.42227272727273,48.9960606060606,75919485.19399999,103983028.92636365,81345547.32,11964.92987954959,11476.556198683813,11419.599294047734,0.9866099315343845,2.0751492717352096,1.2405624709583754,,,,0.4489795918367347,0.8299319727891157,0.8571428571428571,1,0.8421768707482993,2,0.7594040747746666,8.392403884802315,11915.5371181657,66.93426062447772,,100000.0,121.19000244140624,5.274999346051898,110.64000374930244,142.28999982561385
2026-08-05,THYROCARE,,NSE,557.7,60.17,101963733.3,6971.690297159744,,56.068,53.24909090909091,48.10454545454546,57966180.85,137376427.04090908,135093892.04621214,4879.437302525081,10569.099704877695,11730.210084667597,1.250817348577908,0.7547619789140492,0.5943363543226177,True,True,True,0.891156462585034,0.5850340136054422,0.24489795918367346,1,0.49455782312925173,1,0.4552042204179587,6.837421572871875,14625.396274636563,66.77971084970926,,,600.0,25.38571602957589,549.2285679408482,701.5428641183036
2026-08-31,RELIGARE,,NSE,258.78,51.51,195998419.32,14212.522347741036,,53.136,56.60545454545456,56.26833333333333,166607621.59999996,196053044.8140909,168410567.8281818,16917.58555677718,19352.08032067772,18498.137578649803,0.9154349693433251,1.1638130661726898,0.7683217992791262,,,,0.35374149659863946,0.782312925170068,0.4965986394557823,1,0.6115646258503402,0,0.545806070028501,7.25134539199356,13790.544318908482,66.00046181196478,,,242.8000030517578,8.150001525878906,226.5,275.40000915527344
2026-09-10,EMAMILTD,,NSE,370.85,65.56,808873914.75,27289.411170564144,,60.08200000000001,57.86318181818182,57.3169696969697,533867070.1000001,300475098.0749999,212477614.4651515,24403.92832058597,17249.28570421963,15338.21664851494,1.1438148308713902,3.8068665105549915,1.7791775795008302,,,,0.7585034013605442,0.9217687074829932,0.9285714285714286,2,0.8251700680272108,3,0.8912844071630164,3.373753396287792,29640.57779386958,65.98802975814687,,100000.0,370.8500061035156,11.871427263532366,347.1071515764509,418.3357151576451
2026-09-09,JOJO,,BSE,226.2,100.0,24694027.8,102843.67916666668,,100.0,76.26409090909091,74.81469696969698,26758006.19,12747894.615909088,7646565.449242426,84868.94771985183,53773.52518451856,32310.86311648208,1.3366357687782133,3.2294273767638426,3.1829443489612363,,,,0.9387755102040817,0.9047619047619048,0.9863945578231292,1,0.9761904761904763,3,0.95204790924423,416.47186922931496,240.11225580505817,62.42618071630468,,,222.25,7.778569902692523,206.69286019461487,253.3642796107701
2026-09-09,BLUESTARCO,,NSE,1514.0,49.41,746174900.0,40319.32417620908,,50.276,45.32681818181818,43.62848484848485,494524231.36,322534042.12272733,318303235.9969697,31137.44287432105,27946.176471678293,25495.850489369503,1.132516982232903,2.34422656013181,1.5814073036324174,,,,0.7346938775510204,0.8571428571428571,0.9047619047619048,1,0.9020408163265305,3,0.8553186539151689,5.403468298948287,18506.632123568426,62.300517139835556,,,1456.9000244140625,35.649989536830354,1385.6000453404015,1599.4999825613838
