DATE,SYMBOL,ISIN,EXCHANGE,CLOSE,DELIV_PER,DELIVERY_TURNOVER,ATW,EVER_100_DELIV,DELIV_PER_1W,DELIV_PER_1M,DELIV_PER_3M,DELIVERY_TURNOVER_1W,DELIVERY_TURNOVER_1M,DELIVERY_TURNOVER_3M,ATW_1W,ATW_1M,ATW_3M,MOMENTUM_RAW,FOOTPRINT_RAW,STABILITY_RAW,HASMOMENTUMDATA,HASFOOTPRINTDATA,HASSTABILITYHISTORY20D
2026-08-25,SHUKRAPHAR,,NSE,44.08,59.25,35903997.52,28740.21495040151,,,,,,,,,,,1.1496297254470784,3.6716256887244736,2.8460446078820523,,,
2026-08-24,PURSHOTTAM,,BSE,35.4,99.45,10526367.0,182873.9655172414,,,,,,,,,,,1.2121889283900458,42.39614573914844,7.05407445793487,,,
2026-08-24,TIERRA,,BSE,41.92,98.27,11051160.0,138028.9871794872,,,,,,,,,,,1.3005349866854887,23.68476174718871,16.076981693024443,,,
2026-08-21,ACESOFT,,BSE,169.5,100.0,26626077.0,77477.17919075144,,,,,,,,,,,1.5380456566522804,5.047769507680332,3.539738481552629,,,
2026-08-21,BIL,,NSE,831.1,93.75,19111975.6,55377.75366847827,,,,,,,,,,,1.3057957281750092,5.501538248072508,3.945287700492727,,,
2026-08-21,CONSUMER,,NSE,12.28,95.91,30751416.36,96878.81942598188,,,,,,,,,,,1.2628573822591165,8.973784137976088,8.827721956813937,,,
2026-08-20,NATFIT,,BSE,174.55,89.92,9198959.55,44335.28571428572,,,,,,,,,,,1.150115016927934,4.642732686145632,1.9009944847477327,,,
2026-08-20,PFIZER,,NSE,4920.0,86.64,1268115240.0,163822.1911612758,,,,,,,,,,,1.585911000790426,15.310691617118769,7.919701156274257,,,
2026-08-20,STEELCAS,,NSE,358.7,70.07,34513396.6,20269.21402061856,,,,,,,,,,,1.4770188914261986,2.0269870216864714,2.169694572273255,,,
2026-08-20,TIERRA,,BSE,43.86,94.01,9467707.32,75718.20491803279,,,,,,,,,,,1.2505789661448414,47.13823602185865,11.229497018402812,,,
2026-08-20,WINDMACHIN,,NSE,320.5,82.81,81240660.5,37419.280409021405,,,,,,,,,,,1.6094432354595436,3.703407288494392,2.8831909330956886,,,
2026-08-20,WONDERLA,,NSE,490.1,85.98,214768191.3,23389.44294847687,,,,,,,,,,,1.4251293990009717,9.981764222602845,2.867187697255664,,,
2026-08-19,CHANDRIMA,,BSE,6.53,98.35,8566295.61,46374.8128342246,,,,,,,,,,,1.627845739478475,10.727912182314398,7.440189363391851,,,
2026-08-19,JPOLYINVST,,NSE,987.7,85.95,52223649.8,39127.13275193799,,,,,,,,,,,1.514007916067268,6.38213359942933,3.0124058084145497,,,
2026-08-19,PKTEA,,NSE,728.35,96.23,7728521.850000001,95503.47083333333,,,,,,,,,,,1.1375600914177637,24.55410381673588,9.079822921417238,,,
2026-08-18,SOFTTECH,,NSE,413.4,95.23,10145662.8,27506.558291457284,,,,,,,,,,,1.3841021101171993,13.1933775028129,3.470114544921724,,,
2026-08-18,STYLEBAAZA,,NSE,402.65,66.02,1290527475.25,177061.15799927444,,,,,,,,,,,1.3361257957291268,9.630814809761512,6.7960252514520105,,,
2026-08-17,KNAGRI,,NSE,216.19,96.56,23935908.23,66418.66777486911,,,,,,,,,,,1.622848877775005,15.89663379181191,9.37915127026348,,,
2026-08-17,MOCAPITAL,,NSE,53.6,78.13,86089318.4,33043.99747812971,,,,,,,,,,,1.225172612061223,2.459816355128912,2.11400729064202,,,
2026-08-17,PFIZER,,NSE,4829.1,64.56,171090183.9,29205.088602739725,,,,,,,,,,,1.202299090578187,2.346844605626138,1.4883438723669815,,,
2026-08-17,RPPINFRA,,NSE,58.35,94.5,53292630.45,30931.74691930208,,,,,,,,,,,1.5187598620770264,8.24930032370523,4.428511517930125,,,
2026-08-14,DISAQ,,NSE,11661.0,71.07,6530160.0,30249.78145695364,,,,,,,,,,,2.496391620896666,4.326657205234652,1.860727692965764,,,
2026-08-14,KTKBANK,,NSE,309.65,70.82,649136325.75,30792.362979695263,,,,,,,,,,,1.4101058004724365,1.813695378985439,1.2781681381110508,,,
2026-08-13,HIMTEK,,BSE,259.3,100.0,15387380.6,54977.67137809187,,,,,,,,,,,1.400251196578295,4.568750332013842,2.4749231695296965,,,
2026-08-13,HINDPETRO,,NSE,392.9,65.55,2434093294.2,55360.385116279074,,,,,,,,,,,1.3072683430933516,1.7845517244943616,1.4552972600973528,,,
2026-08-13,JPOLYINVST,,NSE,1063.1,94.75,50864019.49999999,76201.16576319544,,,,,,,,,,,1.705042738538301,7.628087009137921,6.597818635339268,,,
2026-08-13,RECLTD,,NSE,346.5,65.48,1878444414.0,45610.71387866471,,,,,,,,,,,1.208398459890895,1.76064038925568,1.2130474505105868,,,
2026-08-13,TLL,,BSE,262.25,78.82,10542450.0,215924.51612903227,,,,,,,,,,,1.301841605417458,1.979878361555921,1.3345587421763996,,,
2026-08-13,TPINDIA,,BSE,17.47,99.94,6661048.949999999,93098.23611111112,,,,,,,,,,,1.257035046595392,2.4180919891991515,2.746699732407487,,,
2026-08-12,EMERALL,,BSE,252.45,91.56,8176855.5,38692.67521367521,,,,,,,,,,,1.1133124904429146,37.48840965006459,3.935209633036382,,,
2026-08-12,HINDPETRO,,NSE,390.0,65.06,2667524340.0,59839.60346480317,,,,,,,,,,,1.299597163498352,1.9750799015681115,1.5901938532301774,,,
2026-08-12,NIYOGIN,,BSE,55.02,81.22,12260381.7,25377.65410958904,,,,,,,,,,,1.1026564036318307,5.990400208144957,2.207629076643142,,,
2026-08-12,RPPINFRA,,NSE,58.78,96.02,68647045.92,45837.13578235673,,,,,,,,,,,1.5746498401079363,15.469313748923309,7.699119207613314,,,
2026-08-11,RPPINFRA,,NSE,58.56,96.28,51836433.6,43231.07881977672,,,,,,,,,,,1.59290491421925,14.100956781356192,8.07439693065358,True,True,True
2026-08-11,STYLEBAAZA,,NSE,353.45,71.61,432668395.05,172648.48572654463,,,,,,,,,,,1.4884780000188962,3.4648341643792766,7.759995294388934,True,True,True
2026-08-07,PAYTM,,NSE,1441.6,53.54,2358515264.0,64877.482136422885,,,,,,,,,,,1.4314754124924551,1.7425782968435963,1.3447268986166994,True,True,True
2026-08-07,RPPINFRA,,NSE,57.86,97.74,41641668.42,48585.84355990784,,,,,,,,,,,1.6323967042532943,13.698459406514814,10.411025700587222,True,True,True
2026-08-06,APOLLOPIPE,,NSE,527.25,70.45,308050030.5,50317.391625,,,,,,,,,,,1.6942254157496608,5.562419283555537,3.305612973910373,True,True,True
2026-08-06,GREENPLY,,NSE,286.85,77.32,83720901.55000001,25459.79864457832,,,,,,,,,,,1.6777638232257803,2.339462954374244,1.8771328690575644,True,True,True
2026-08-06,ICICIPRULI,,NSE,507.0,66.64,1038078444.0,58714.70141839964,,,,,,,,,,,1.2338352002558428,1.9889273608074585,2.257750983392549,True,True,True
2026-08-06,INDOSTAR,,NSE,233.4,71.38,34888865.4,21722.754024010672,,,,,,,,,,,1.4098023138200773,1.9692682582520664,2.086465504530961,True,True,True
2026-08-06,SHANKARA,,NSE,140.99,84.58,78396220.59,44356.58054092868,,,,,,,,,,,1.5528072635022363,5.13507426349989,3.5261588058276123,True,True,True
2026-08-06,SUDARSCHEM,,NSE,1115.6,61.26,354302288.4,28254.8406720628,,,,,,,,,,,1.3182354667275276,3.063145292942398,1.64429619899462,True,True,True
2026-08-06,SUNDRMFAST,,NSE,1085.25,73.13,555191109.75,33237.08077809798,,,,,,,,,,,1.1992307558519453,7.662501381216758,3.152798059643552,True,True,True
2026-08-05,SMCGLOBAL,,NSE,79.8,68.55,67402351.8,32664.485451817272,,,,,,,,,,,1.2399520934451884,2.718846763583896,2.706651483183377,True,True,True
2026-08-05,THYROCARE,,NSE,600.0,68.29,241473000.0,23712.2057208314,,,,,,,,,,,1.522394411868025,1.877358410905401,2.010952590325941,True,True,True
2026-08-03,SHANKARA,,NSE,141.92,88.87,76804407.52,61310.48155917789,,,,,,,,,,,1.6803038940725186,5.672720133108434,5.605216926445506,True,True,True
2026-07-31,AGRIBIO,,BSE,316.9,60.42,6258458.1,98302.58490566038,,,,,,,,,,,1.6078608465651136,4.203697322898174,1.9472522305093456,True,True,True
2026-07-31,ANANTRAJ,,NSE,624.5,55.83,1424190985.0,58553.27783086204,,,,,,,,,,,1.5712409493676285,2.569032330967054,1.8752847185524235,True,True,True
2026-07-31,EMIL,,NSE,130.16,60.9,432944830.16,26384.55507963887,,,,,,,,,,,1.353087317457432,5.541000760058584,2.4084538666938653,True,True,True
2026-07-31,HEROMOTOCO,,NSE,5386.0,57.44,2380525824.0,70136.5727591072,,,,,,,,,,,1.1402035562185704,1.3383250205298065,1.2683038028344036,True,True,True
2026-07-31,KINETICENG,INE266B01017,BSE,267.15,100.0,9534583.5,38631.68,True,93.736,81.18636363636364,71.13742424242425,7927417.790000001,7445661.68409091,4667510.46439394,33069.0118855078,26307.115363518395,21298.596204197387,1.4057298400236844,2.042755677300454,1.8138134377319528,,,
2026-07-30,ANANTRAJ,,NSE,609.6,61.51,1131858340.8,66201.9102433055,,,,,,,,,,,1.7536101044046943,2.046945641940098,2.164187620044105,True,True,True
2026-07-30,SHANKARA,,NSE,139.31,71.38,42196023.83,47018.3996842936,,,,,,,,,,,1.3704880262514836,3.25513972925554,4.642458571921358,True,True,True
2026-07-24,PIDILITIND,,NSE,1570.9,66.57,2300546919.3,64746.52996388534,,,,,,,,,,,1.1359040318514977,2.759245124992313,1.930038002224244,True,True,True
2026-07-23,KRISHIVAL,,NSE,391.15,95.5,47894752.9,89396.88901785715,,,,,,,,,,,1.100207368928175,17.41845719742406,5.582037384652109,True,True,True
2026-07-23,PANORAMA,,BSE,50.84,82.01,27180792.56,58006.192708333336,,,,,,,,,,,2.262354283612471,4.939426796531517,2.527043849930376,True,True,True
2026-07-23,VRLLOG,,NSE,241.4,88.29,177468589.6,37367.3752982717,,,,,,,,,,,1.5789610593715198,7.701492649564591,5.410549888143124,True,True,True
2026-07-22,ANTHEM,,NSE,778.9,65.35,2247887485.3,37108.59407967902,,,,,,,,,,,1.1794448288026165,10.170927780814504,2.562880535491849,True,True,True
2026-07-21,CSLFINANCE,,NSE,214.24,96.04,23541333.92,48784.80730538922,,,,,,,,,,,1.534683046587866,4.626089952992184,4.3503211128917085,True,True,True
2026-07-21,HCG,,NSE,661.25,89.54,294780621.25,35704.6137431694,,,,,,,,,,,1.4959826242804417,3.7548269421043656,3.173285218886232,True,True,True
2026-07-21,IPCALAB,,NSE,1799.0,76.01,598692808.0,29443.4171790572,,,,,,,,,,,1.4784102697095438,2.4545535928860223,1.5788971583995175,True,True,True
2026-07-21,JSWCEMENT,,NSE,140.97,72.76,409924548.45,26714.685448478253,,,,,,,,,,,1.5085951244031166,2.5569996064189406,1.7959935089506378,True,True,True
2026-07-21,PANORAMA,,BSE,50.39,79.22,12211714.16,54012.44599303136,,,,,,,,,,,2.275624341710117,2.3569028759037978,2.432384791537955,True,True,True
2026-07-21,THERMAX,,NSE,4841.0,59.71,943118779.0,42469.88640716463,,,,,,,,,,,1.2990746936797657,1.5912120963856973,1.2570662004210882,True,True,True
2026-07-20,ASHIKA,,NSE,399.7,72.05,82757485.3,134692.72233294256,,,,,,,,,,,2.055945869992866,4.8308625980370525,3.1638228635338925,True,True,True
2026-07-20,CEMPRO,,NSE,1627.0,77.64,1246680615.0,64757.448534820745,,,,,,,,,,,1.7819104913586254,3.2842212032044205,2.221949640351273,True,True,True
2026-07-20,OFSS,,NSE,11620.0,50.72,2330832560.0,103246.66586108127,,,,,,,,,,,1.3848979794469545,2.006853383147587,1.4545209945152984,True,True,True
2026-07-17,CAPITALSFB,,NSE,303.95,71.36,40637203.15,22367.507510899723,,,,,,,,,,,1.197766090556748,4.794085115823623,2.164175894190339,True,True,True
2026-07-17,JSWCEMENT,,NSE,139.93,83.68,933725743.58,43789.38128383905,,,,,,,,,,,1.7531616638732288,6.305404200684512,3.044580283041644,True,True,True
2026-07-16,DLF,,NSE,648.1,62.47,2607702289.1,65167.07330770543,,,,,,,,,,,1.3748624477301374,2.071561711514732,1.4386632373642103,True,True,True
2026-07-16,STOVEKRAFT,,NSE,777.55,71.39,137675335.65,24211.0222605316,,,,,,,,,,,1.6015105062439243,2.380154103406676,1.5010265025954834,True,True,True
2026-07-16,TORNTPHARM,,NSE,4987.6,66.84,16873699188.000002,186229.82389425632,,,,,,,,,,,1.238577083976753,13.747256039363748,3.5840460965507828,True,True,True
2026-07-15,ALKEM,,NSE,5659.0,75.36,909299438.0,74587.43576023754,,,,,,,,,,,1.516126770652661,2.078070535590484,2.133247031552691,True,True,True
2026-07-15,ENDURANCE,,NSE,2746.2,72.28,622722819.5999999,36551.78288191612,,,,,,,,,,,1.306715898694511,3.396203979910698,1.969328175247331,True,True,True
2026-07-15,ETERNAL,,NSE,294.8,57.84,7693985494.8,90905.345089089,,,,,,,,,,,1.1483336491864526,1.6527187838839132,2.002899626754707,True,True,True
2026-07-15,HCG,,NSE,646.85,80.62,663377664.35,45978.03182295989,,,,,,,,,,,1.3716115195446623,10.32337209516738,4.462564800988451,True,True,True
2026-07-15,JBCHEPHARM,,NSE,2506.0,75.34,1354949092.0,45606.48349321359,,,,,,,,,,,1.2472508728980214,2.963616807694804,1.4870703787734147,True,True,True
2026-07-15,PANORAMA,,BSE,51.25,80.35,13838115.0,54526.7770700637,,,,,,,,,,,2.4085840808447823,2.9622771928491387,2.541005650610207,True,True,True
2026-07-15,RHL,,NSE,179.21,91.03,8528962.32,44963.91038647343,,,,,,,,,,,1.1166584887144255,7.924406425379429,3.157281667493772,True,True,True
2026-07-15,TVSHLTD,,NSE,14000.0,89.41,201250000.0,203030.05475763016,,,,,,,,,,,1.6662083063917257,5.881890780241973,6.050677863051233,True,True,True
2026-07-14,BAJAJFINSV,,NSE,1869.2,66.05,2237013699.2000003,45730.3388250818,,,,,,,,,,,1.2191834074935883,1.9409987290450104,1.4297737262875727,True,True,True
2026-07-14,ETERNAL,,NSE,286.15,64.06,7876337410.749999,80040.54712334178,,,,,,,,,,,1.278468725903751,1.7113641747797492,1.791813151472313,True,True,True
2026-07-13,DLF,,NSE,682.35,54.43,2591789110.8,67068.42617880205,,,,,,,,,,,1.197675581604689,2.004040291904569,1.5005263790862668,True,True,True
2026-07-13,GROWWHOSPI,,NSE,54.14,90.04,75675159.52,44023.80609129066,,,,,,,,,,,1.25429839039896,6.160652931130887,3.1578348009245825,True,True,True
2026-07-13,JKCEMENT,,NSE,5361.5,95.68,1393335897.0,259732.7845881311,,,,,,,,,,,1.788573305992047,5.647976047552032,9.740274959798729,True,True,True
2026-07-13,PANORAMA,,BSE,51.16,67.94,13831975.72,43243.35456475584,,,,,,,,,,,2.0298223694931825,3.100220756731141,2.0820563221649544,True,True,True
2026-07-13,TBOTEK,,NSE,1504.1,64.81,445738530.9,35840.39705607476,,,,,,,,,,,1.3344418689536193,3.750814022525472,2.429948685173624,True,True,True
2026-07-13,TORNTPHARM,,NSE,4951.1,64.22,2429108682.0,77634.22818049011,,,,,,,,,,,1.2011664451478887,2.0987053626406267,1.527459062800577,True,True,True
2026-07-10,GROWWHOSPI,,NSE,54.3,93.33,57689731.8,62630.14146788991,,,,,,,,,,,1.310711405511568,5.03040036290648,4.772096169422374,True,True,True
2026-07-10,INDIQUBE,,NSE,178.11,88.9,136356563.25,26035.10343899931,,,,,,,,,,,1.535510345080264,10.079448990863057,2.63610473556481,True,True,True
2026-07-10,JKTYRE,,NSE,410.3,57.14,380618898.0,21554.557963660965,,,,,,,,,,,1.4216502307065957,1.8550119248108592,1.2457198621156789,True,True,True
2026-07-09,DLINKINDIA,,NSE,546.05,64.58,266680445.05,35524.011659501295,,,,,,,,,,,1.2480104003794732,5.685008224805469,2.15652351394208,True,True,True
2026-07-09,VSTIND,,NSE,264.9,68.11,178301805.89999998,23338.85414820068,,,,,,,,,,,1.240188045223552,2.9328903669842665,1.5156057483353114,True,True,True
2026-07-08,PAGEIND,,NSE,41415.0,54.54,1646618985.0,164524.48556684406,,,,,,,,,,,1.1583381334088474,2.7865945594701618,1.7393543958790618,True,True,True
2026-07-07,DLF,,NSE,651.1,62.28,2308963375.0,58615.58603671452,,,,,,,,,,,1.3602573266619014,1.808251030752814,1.340207480927451,True,True,True
2026-07-07,DLINKINDIA,,NSE,533.25,63.27,105524842.5,25401.920127183574,,,,,,,,,,,1.2154416644351562,2.477143825271987,1.57751423660714,True,True,True
2026-07-07,INDUSTOWER,,NSE,382.8,66.88,4850710682.400001,43015.02696199364,,,,,,,,,,,1.1774113956633423,2.997267986211789,1.113488537604805,True,True,True
2026-07-07,PHOENIXLTD,,NSE,2075.1,74.18,4000863353.4,68768.96865159034,,,,,,,,,,,1.4386572203497412,7.201810358862355,2.4868441150331324,True,True,True
2026-07-07,VSTIND,,NSE,267.5,73.98,132133765.0,20491.366289748592,,,,,,,,,,,1.3539756750910936,2.2575282198269457,1.3609044684064138,True,True,True
2026-07-06,AVALON,,NSE,1737.1,56.03,401963202.9,27563.116562488303,,,,,,,,,,,1.3947115330218034,1.8537447889631269,1.618459352216953,True,True,True
2026-07-06,CEMPRO,,NSE,1521.4,59.7,624901357.4000001,55744.18276120201,,,,,,,,,,,1.4552908587257618,2.019665910796965,2.230232859277372,True,True,True
2026-07-06,MANORAMA,,NSE,1575.9,55.44,311946253.20000005,33388.82272113636,,,,,,,,,,,1.0975846801770994,2.4568844804181253,1.955084798690708,True,True,True
2026-07-06,POLYPLEX,,NSE,1014.9,64.28,83756652.3,20245.293039950066,,,,,,,,,,,1.2328884161704576,1.6746972252300294,1.1374444187991728,True,True,True
2026-07-03,ALKEM,,NSE,5562.5,69.44,2195029250.0,76029.43010701089,,,,,,,,,,,1.433817525395837,5.919549695771574,2.2965700177148287,True,True,True
2026-07-03,GMRAIRPORT,,NSE,112.8,63.97,2411364741.6,71217.50708475286,,,,,,,,,,,1.2339351003480836,2.133311513076562,2.1662563247228017,True,True,True
2026-07-03,HARSHA,,NSE,417.55,69.4,112965229.65,25665.42231075697,,,,,,,,,,,1.3098720841447824,2.6606697577693827,1.7991357841763382,True,True,True
2026-07-02,CEMPRO,,NSE,1431.4,58.19,1043935765.4,93976.33131992226,,,,,,,,,,,1.4146469036849316,3.5973096661203114,4.014503692673944,True,True,True
2026-07-02,DIVISLAB,,NSE,6682.5,64.87,1492683390.0,78878.4012057298,,,,,,,,,,,1.1633345107735782,1.1755059743220475,1.2465428780943242,True,True,True
2026-07-02,JUBLCPL,,NSE,2073.4,64.41,15017636.2,24750.285944206007,,,,,,,,,,,1.1529674049242484,1.976848426575876,1.7196824699629811,True,True,True
2026-07-02,TEAMLEASE,,NSE,1467.8,78.38,82707594.39999999,23432.729859406383,,,,,,,,,,,1.3683876394686303,2.8790445432053784,1.6807935672418486,True,True,True
2026-07-01,MANORAMA,,NSE,1565.0,59.54,363840590.0,27742.80789625873,,,,,,,,,,,1.1862491170237817,3.027978203819173,1.6756311238200468,True,True,True
2024-10-09,IDFC,,NSE,107.97,68.91,4856576112.24,70706.66162463056,,,,,,,,,,,1.3217953859835736,12.914230273342008,3.6252100914122365,,,
