DATE,SYMBOL,EXCHANGE,CLOSE,DELIV_PER,ATW,MOMENTUM_SCORE,FOOTPRINT_SCORE,STABILITY_SCORE,COMBINED_SCORE,HASMOMENTUMDATA,HASFOOTPRINTDATA,HASSTABILITYHISTORY20D,DELIVERY_TURNOVER,MOMENTUM_RAW,FOOTPRINT_RAW,STABILITY_RAW
2026-08-11,JPOLYINVST,NSE,1040.4,94.03,72359.6164137931,,,,,True,True,True,49101678.00000001,1.721325252749386,8.240390323539796,6.894788084952152
2026-08-11,UEL,NSE,273.12,75.94,21014.896540418315,,,,,True,True,True,28194450.72,1.4361763399573046,23.059867349941324,5.937086677042975
2026-08-07,CHLOGIST,BSE,9.18,99.67,59963.35833333333,,,,,True,True,True,28686242.34,1.3419625699212967,38.94861974362116,9.17139970147724
2026-08-07,JPOLYINVST,NSE,1066.2,94.91,109936.16991525424,,,,,True,True,True,49244579.4,1.7595575305756708,9.362420300869228,12.371046237134802
2026-08-07,TLL,BSE,258.45,83.05,202846.0,,,,,True,True,True,7598430.0,1.374793077501881,1.3902545639628447,1.255164781248948
2026-08-06,TPINDIA,BSE,17.51,95.58,211281.4393939394,,,,,True,True,True,13388216.04,1.2136512388966807,5.449816042618001,7.270106547593845
2026-08-06,VADILENT,BSE,10000.0,99.89,713393.2307692308,,,,,True,True,True,18450000.0,1.168511166253102,44.00640959119859,17.371675719736988
2026-08-05,TAKE,NSE,22.21,90.42,21639.82939183988,,,,,True,True,True,25362509.61,1.1061464704909905,3.589044203118639,2.785003981800898
2026-07-31,KINETICENG,BSE,267.15,100.0,38631.68,,,,,True,True,True,9534583.5,1.4057298400236844,2.042755677300454,1.8138134377319528
